Country,Code,Year,Public health expenditure as a share of GDP
Albania,ALB,2000,2.712
Albania,ALB,2001,2.709
Albania,ALB,2002,2.525
Albania,ALB,2003,2.59
Albania,ALB,2004,2.75
Albania,ALB,2005,2.634
Albania,ALB,2006,2.6
Albania,ALB,2007,2.72
Albania,ALB,2008,2.28
Albania,ALB,2009,2.385
Albania,ALB,2010,2.407
Albania,ALB,2011,2.435
Albania,ALB,2012,2.554
Albania,ALB,2013,2.612
Albania,ALB,2014,2.597
Albania,ALB,2015,2.716
Albania,ALB,2016,2.874
Albania,ALB,2017,2.744
Albania,ALB,2018,2.845
Albania,ALB,2019,2.939
Albania,ALB,2020,3.015
Albania,ALB,2021,2.935
Albania,ALB,2022,3.773
Albania,ALB,2023,3.558
Argentina,ARG,2000,4.499
Argentina,ARG,2001,4.492
Argentina,ARG,2002,3.951
Argentina,ARG,2003,3.784
Argentina,ARG,2004,3.861
Argentina,ARG,2005,4.016
Argentina,ARG,2006,4.066
Argentina,ARG,2007,4.262
Argentina,ARG,2008,4.545
Argentina,ARG,2009,5.763
Argentina,ARG,2010,5.589
Argentina,ARG,2011,5.758
Argentina,ARG,2012,6.179
Argentina,ARG,2013,6.338
Argentina,ARG,2014,6.44
Argentina,ARG,2015,6.832
Argentina,ARG,2016,6.605
Argentina,ARG,2017,6.74
Argentina,ARG,2018,6.151
Argentina,ARG,2019,6.245
Argentina,ARG,2020,7.078
Argentina,ARG,2021,6.522
Argentina,ARG,2022,6.097
Argentina,ARG,2023,6.257
Australia,AUS,2000,5.179
Australia,AUS,2001,5.191
Australia,AUS,2002,5.393
Australia,AUS,2003,5.351
Australia,AUS,2004,5.515
Australia,AUS,2005,5.439
Australia,AUS,2006,5.435
Australia,AUS,2007,5.568
Australia,AUS,2008,5.672
Australia,AUS,2009,5.901
Australia,AUS,2010,5.761
Australia,AUS,2011,5.887
Australia,AUS,2012,5.831
Australia,AUS,2013,5.658
Australia,AUS,2014,6.613
Australia,AUS,2015,6.948
Australia,AUS,2016,6.944
Australia,AUS,2017,6.979
Australia,AUS,2018,6.968
Australia,AUS,2019,7.322
Australia,AUS,2020,7.65
Australia,AUS,2021,7.754
Australia,AUS,2022,7.179
Australia,AUS,2023,7.507
Australia,AUS,2024,7.882
Australia,AUS,2025,8.15
Austria,AUT,2000,6.994
Austria,AUT,2001,6.986
Austria,AUT,2002,7.086
Austria,AUT,2003,7.149
Austria,AUT,2004,7.189
Austria,AUT,2005,7.18
Austria,AUT,2006,7.161
Austria,AUT,2007,7.139
Austria,AUT,2008,7.353
Austria,AUT,2009,7.74
Austria,AUT,2010,7.682
Austria,AUT,2011,7.539
Austria,AUT,2012,7.676
Austria,AUT,2013,7.684
Austria,AUT,2014,7.755
Austria,AUT,2015,7.741
Austria,AUT,2016,7.715
Austria,AUT,2017,7.738
Austria,AUT,2018,7.776
Austria,AUT,2019,7.906
Austria,AUT,2020,8.72
Austria,AUT,2021,9.473
Austria,AUT,2022,8.639
Austria,AUT,2023,8.512
Austria,AUT,2024,8.863
Austria,AUT,2025,9.018
Belgium,BEL,2000,5.968
Belgium,BEL,2001,6.146
Belgium,BEL,2002,6.139
Belgium,BEL,2003,6.783
Belgium,BEL,2004,6.986
Belgium,BEL,2005,6.889
Belgium,BEL,2006,6.801
Belgium,BEL,2007,6.769
Belgium,BEL,2008,7.261
Belgium,BEL,2009,7.838
Belgium,BEL,2010,7.768
Belgium,BEL,2011,7.826
Belgium,BEL,2012,7.986
Belgium,BEL,2013,7.992
Belgium,BEL,2014,8.028
Belgium,BEL,2015,8.259
Belgium,BEL,2016,8.299
Belgium,BEL,2017,8.303
Belgium,BEL,2018,8.317
Belgium,BEL,2019,8.07
Belgium,BEL,2020,8.713
Belgium,BEL,2021,8.48
Belgium,BEL,2022,7.992
Belgium,BEL,2023,7.885
Belgium,BEL,2024,8.128
Belgium,BEL,2025,8.22
Bosnia and Herzegovina,BIH,2000,4.076
Bosnia and Herzegovina,BIH,2001,4.33
Bosnia and Herzegovina,BIH,2002,4.422
Bosnia and Herzegovina,BIH,2003,5.479
Bosnia and Herzegovina,BIH,2004,5.162
Bosnia and Herzegovina,BIH,2005,4.814
Bosnia and Herzegovina,BIH,2006,4.864
Bosnia and Herzegovina,BIH,2007,5.124
Bosnia and Herzegovina,BIH,2008,5.306
Bosnia and Herzegovina,BIH,2009,6.167
Bosnia and Herzegovina,BIH,2010,6.252
Bosnia and Herzegovina,BIH,2011,6.384
Bosnia and Herzegovina,BIH,2012,6.621
Bosnia and Herzegovina,BIH,2013,6.669
Bosnia and Herzegovina,BIH,2014,6.707
Bosnia and Herzegovina,BIH,2015,6.553
Bosnia and Herzegovina,BIH,2016,6.497
Bosnia and Herzegovina,BIH,2017,6.218
Bosnia and Herzegovina,BIH,2018,6.158
Bosnia and Herzegovina,BIH,2019,6.272
Bosnia and Herzegovina,BIH,2020,6.874
Bosnia and Herzegovina,BIH,2021,6.59
Bosnia and Herzegovina,BIH,2022,5.988
Bosnia and Herzegovina,BIH,2023,6.118
Bosnia and Herzegovina,BIH,2024,6.134
Brazil,BRA,2000,3.47
Brazil,BRA,2001,3.513
Brazil,BRA,2002,3.686
Brazil,BRA,2003,3.51
Brazil,BRA,2004,3.467
Brazil,BRA,2005,3.345
Brazil,BRA,2006,3.542
Brazil,BRA,2007,3.485
Brazil,BRA,2008,3.505
Brazil,BRA,2009,3.708
Brazil,BRA,2010,3.577
Brazil,BRA,2011,3.467
Brazil,BRA,2012,3.356
Brazil,BRA,2013,3.556
Brazil,BRA,2014,3.709
Brazil,BRA,2015,3.861
Brazil,BRA,2016,3.952
Brazil,BRA,2017,3.96
Brazil,BRA,2018,3.897
Brazil,BRA,2019,3.93
Brazil,BRA,2020,4.18
Brazil,BRA,2021,4.317
Brazil,BRA,2022,4.26
Bulgaria,BGR,2003,4.393
Bulgaria,BGR,2004,4.117
Bulgaria,BGR,2005,4.128
Bulgaria,BGR,2006,3.659
Bulgaria,BGR,2007,3.457
Bulgaria,BGR,2008,3.532
Bulgaria,BGR,2009,3.583
Bulgaria,BGR,2010,3.932
Bulgaria,BGR,2011,3.86
Bulgaria,BGR,2012,3.845
Bulgaria,BGR,2013,4.056
Bulgaria,BGR,2014,4.493
Bulgaria,BGR,2015,4.15
Bulgaria,BGR,2016,4.129
Bulgaria,BGR,2017,4.224
Bulgaria,BGR,2018,4.347
Bulgaria,BGR,2019,4.321
Bulgaria,BGR,2020,5.332
Bulgaria,BGR,2021,5.576
Bulgaria,BGR,2022,4.853
Bulgaria,BGR,2023,5.0
Bulgaria,BGR,2024,5.504
Canada,CAN,2000,5.771
Canada,CAN,2001,6.012
Canada,CAN,2002,6.135
Canada,CAN,2003,6.303
Canada,CAN,2004,6.335
Canada,CAN,2005,6.312
Canada,CAN,2006,6.49
Canada,CAN,2007,6.577
Canada,CAN,2008,6.703
Canada,CAN,2009,7.526
Canada,CAN,2010,7.486
Canada,CAN,2011,7.316
Canada,CAN,2012,7.421
Canada,CAN,2013,7.385
Canada,CAN,2014,7.259
Canada,CAN,2015,7.612
Canada,CAN,2016,7.707
Canada,CAN,2017,7.587
Canada,CAN,2018,7.582
Canada,CAN,2019,7.66
Canada,CAN,2020,9.592
Canada,CAN,2021,8.984
Canada,CAN,2022,7.819
Canada,CAN,2023,8.006
Canada,CAN,2024,8.137
Canada,CAN,2025,8.082
Chile,CHL,2000,3.733
Chile,CHL,2001,3.742
Chile,CHL,2002,3.807
Chile,CHL,2003,3.786
Chile,CHL,2004,3.662
Chile,CHL,2005,3.506
Chile,CHL,2006,3.285
Chile,CHL,2007,3.416
Chile,CHL,2008,3.801
Chile,CHL,2009,4.234
Chile,CHL,2010,4.025
Chile,CHL,2011,4.043
Chile,CHL,2012,4.211
Chile,CHL,2013,4.437
Chile,CHL,2014,4.622
Chile,CHL,2015,4.906
Chile,CHL,2016,5.006
Chile,CHL,2017,5.468
Chile,CHL,2018,5.568
Chile,CHL,2019,5.703
Chile,CHL,2020,6.331
Chile,CHL,2021,5.881
Chile,CHL,2022,5.803
Chile,CHL,2023,6.029
Chile,CHL,2024,5.924
Chile,CHL,2025,5.883
China,CHN,2000,0.976
China,CHN,2001,0.959
China,CHN,2002,1.095
China,CHN,2003,1.233
China,CHN,2004,1.276
China,CHN,2005,1.352
China,CHN,2006,1.371
China,CHN,2007,1.415
China,CHN,2008,1.703
China,CHN,2009,2.107
China,CHN,2010,2.14
China,CHN,2011,2.278
China,CHN,2012,2.505
China,CHN,2013,2.657
China,CHN,2014,2.752
China,CHN,2015,2.928
China,CHN,2016,2.835
China,CHN,2017,2.809
China,CHN,2018,2.862
China,CHN,2019,2.957
China,CHN,2020,3.038
China,CHN,2021,2.844
China,CHN,2022,3.391
China,CHN,2023,3.394
Colombia,COL,2000,4.312
Colombia,COL,2001,4.577
Colombia,COL,2002,4.495
Colombia,COL,2003,4.608
Colombia,COL,2004,4.407
Colombia,COL,2005,4.499
Colombia,COL,2006,4.712
Colombia,COL,2007,4.749
Colombia,COL,2008,4.911
Colombia,COL,2009,5.438
Colombia,COL,2010,5.29
Colombia,COL,2011,5.15
Colombia,COL,2012,4.984
Colombia,COL,2013,5.304
Colombia,COL,2014,5.474
Colombia,COL,2015,5.741
Colombia,COL,2016,5.731
Colombia,COL,2017,5.882
Colombia,COL,2018,5.905
Colombia,COL,2019,5.994
Colombia,COL,2020,6.73
Colombia,COL,2021,7.173
Colombia,COL,2022,5.84
Colombia,COL,2023,6.243
Colombia,COL,2024,6.535
Colombia,COL,2025,6.504
Costa Rica,CRI,2004,4.431
Costa Rica,CRI,2005,4.321
Costa Rica,CRI,2006,4.641
Costa Rica,CRI,2007,4.685
Costa Rica,CRI,2008,5.121
Costa Rica,CRI,2009,5.638
Costa Rica,CRI,2010,5.871
Costa Rica,CRI,2011,5.919
Costa Rica,CRI,2012,5.766
Costa Rica,CRI,2013,5.751
Costa Rica,CRI,2014,5.59
Costa Rica,CRI,2015,5.682
Costa Rica,CRI,2016,5.494
Costa Rica,CRI,2017,5.282
Costa Rica,CRI,2018,5.379
Costa Rica,CRI,2019,5.339
Costa Rica,CRI,2020,5.931
Costa Rica,CRI,2021,5.689
Costa Rica,CRI,2022,5.209
Costa Rica,CRI,2023,4.862
Costa Rica,CRI,2024,4.802
Costa Rica,CRI,2025,4.709
Croatia,HRV,2003,5.189
Croatia,HRV,2004,5.261
Croatia,HRV,2005,5.878
Croatia,HRV,2006,5.922
Croatia,HRV,2007,6.405
Croatia,HRV,2008,6.481
Croatia,HRV,2009,6.839
Croatia,HRV,2010,6.793
Croatia,HRV,2011,5.922
Croatia,HRV,2012,6.05
Croatia,HRV,2013,5.409
Croatia,HRV,2014,5.445
Croatia,HRV,2015,5.5
Croatia,HRV,2016,5.522
Croatia,HRV,2017,5.471
Croatia,HRV,2018,5.505
Croatia,HRV,2019,5.559
Croatia,HRV,2020,6.469
Croatia,HRV,2021,6.911
Croatia,HRV,2022,6.228
Croatia,HRV,2023,5.902
Croatia,HRV,2024,6.414
Cyprus,CYP,2003,2.496
Cyprus,CYP,2004,2.248
Cyprus,CYP,2005,2.244
Cyprus,CYP,2006,2.336
Cyprus,CYP,2007,2.301
Cyprus,CYP,2008,2.528
Cyprus,CYP,2009,2.778
Cyprus,CYP,2010,2.999
Cyprus,CYP,2011,3.077
Cyprus,CYP,2012,3.029
Cyprus,CYP,2013,3.193
Cyprus,CYP,2014,2.984
Cyprus,CYP,2015,2.862
Cyprus,CYP,2016,2.787
Cyprus,CYP,2017,2.748
Cyprus,CYP,2018,2.851
Cyprus,CYP,2019,3.793
Cyprus,CYP,2020,6.193
Cyprus,CYP,2021,7.006
Cyprus,CYP,2022,6.31
Cyprus,CYP,2023,6.049
Cyprus,CYP,2024,6.342
Czechia,CZE,2000,5.091
Czechia,CZE,2001,5.214
Czechia,CZE,2002,5.532
Czechia,CZE,2003,5.812
Czechia,CZE,2004,5.623
Czechia,CZE,2005,5.502
Czechia,CZE,2006,5.321
Czechia,CZE,2007,5.073
Czechia,CZE,2008,5.204
Czechia,CZE,2009,6.05
Czechia,CZE,2010,6.376
Czechia,CZE,2011,6.344
Czechia,CZE,2012,6.406
Czechia,CZE,2013,6.316
Czechia,CZE,2014,6.357
Czechia,CZE,2015,6.178
Czechia,CZE,2016,6.213
Czechia,CZE,2017,6.146
Czechia,CZE,2018,6.266
Czechia,CZE,2019,6.355
Czechia,CZE,2020,7.915
Czechia,CZE,2021,7.941
Czechia,CZE,2022,7.198
Czechia,CZE,2023,7.085
Czechia,CZE,2024,7.397
Czechia,CZE,2025,7.649
Denmark,DNK,2000,6.74
Denmark,DNK,2001,7.043
Denmark,DNK,2002,7.287
Denmark,DNK,2003,7.46
Denmark,DNK,2004,7.507
Denmark,DNK,2005,7.593
Denmark,DNK,2006,7.676
Denmark,DNK,2007,7.787
Denmark,DNK,2008,7.955
Denmark,DNK,2009,8.977
Denmark,DNK,2010,8.912
Denmark,DNK,2011,8.708
Denmark,DNK,2012,8.871
Denmark,DNK,2013,8.679
Denmark,DNK,2014,8.692
Denmark,DNK,2015,8.726
Denmark,DNK,2016,8.641
Denmark,DNK,2017,8.491
Denmark,DNK,2018,8.494
Denmark,DNK,2019,8.526
Denmark,DNK,2020,9.018
Denmark,DNK,2021,9.055
Denmark,DNK,2022,8.036
Denmark,DNK,2023,7.962
Denmark,DNK,2024,7.935
Denmark,DNK,2025,7.921
Estonia,EST,2000,3.974
Estonia,EST,2001,3.749
Estonia,EST,2002,3.6
Estonia,EST,2003,3.914
Estonia,EST,2004,3.972
Estonia,EST,2005,3.942
Estonia,EST,2006,3.742
Estonia,EST,2007,3.92
Estonia,EST,2008,4.549
Estonia,EST,2009,5.271
Estonia,EST,2010,4.975
Estonia,EST,2011,4.586
Estonia,EST,2012,4.567
Estonia,EST,2013,4.623
Estonia,EST,2014,4.686
Estonia,EST,2015,4.871
Estonia,EST,2016,4.904
Estonia,EST,2017,4.758
Estonia,EST,2018,4.835
Estonia,EST,2019,4.949
Estonia,EST,2020,5.761
Estonia,EST,2021,5.691
Estonia,EST,2022,5.211
Estonia,EST,2023,5.641
Estonia,EST,2024,6.097
Estonia,EST,2025,6.121
Finland,FIN,2000,5.259
Finland,FIN,2001,5.408
Finland,FIN,2002,5.731
Finland,FIN,2003,5.992
Finland,FIN,2004,6.127
Finland,FIN,2005,6.313
Finland,FIN,2006,6.403
Finland,FIN,2007,6.24
Finland,FIN,2008,6.456
Finland,FIN,2009,7.102
Finland,FIN,2010,7.047
Finland,FIN,2011,7.171
Finland,FIN,2012,7.519
Finland,FIN,2013,7.674
Finland,FIN,2014,7.67
Finland,FIN,2015,7.463
Finland,FIN,2016,7.208
Finland,FIN,2017,7.024
Finland,FIN,2018,7.006
Finland,FIN,2019,7.182
Finland,FIN,2020,7.669
Finland,FIN,2021,7.844
Finland,FIN,2022,7.753
Finland,FIN,2023,8.482
Finland,FIN,2024,8.585
Finland,FIN,2025,8.485
France,FRA,2000,7.586
France,FRA,2001,7.7
France,FRA,2002,7.983
France,FRA,2003,7.984
France,FRA,2004,8.045
France,FRA,2005,8.055
France,FRA,2006,8.03
France,FRA,2007,7.96
France,FRA,2008,8.042
France,FRA,2009,8.639
France,FRA,2010,8.225
France,FRA,2011,8.16
France,FRA,2012,8.256
France,FRA,2013,8.386
France,FRA,2014,8.469
France,FRA,2015,8.425
France,FRA,2016,9.196
France,FRA,2017,9.131
France,FRA,2018,9.035
France,FRA,2019,8.946
France,FRA,2020,9.879
France,FRA,2021,10.048
France,FRA,2022,9.732
France,FRA,2023,9.439
France,FRA,2024,9.436
France,FRA,2025,9.444
Georgia,GEO,2000,0.789
Georgia,GEO,2001,1.135
Georgia,GEO,2002,1.122
Georgia,GEO,2003,1.147
Georgia,GEO,2004,1.198
Georgia,GEO,2005,1.314
Georgia,GEO,2006,1.206
Georgia,GEO,2007,1.122
Georgia,GEO,2008,1.224
Georgia,GEO,2009,1.228
Georgia,GEO,2010,1.138
Georgia,GEO,2011,0.927
Georgia,GEO,2012,0.971
Georgia,GEO,2013,0.988
Georgia,GEO,2014,1.895
Georgia,GEO,2015,2.547
Georgia,GEO,2016,2.897
Georgia,GEO,2017,2.6
Georgia,GEO,2018,2.654
Georgia,GEO,2019,2.589
Georgia,GEO,2020,3.542
Georgia,GEO,2021,4.341
Georgia,GEO,2022,2.958
Georgia,GEO,2023,2.234
Germany,DEU,2000,7.647
Germany,DEU,2001,7.662
Germany,DEU,2002,7.814
Germany,DEU,2003,7.917
Germany,DEU,2004,7.563
Germany,DEU,2005,7.644
Germany,DEU,2006,7.499
Germany,DEU,2007,7.404
Germany,DEU,2008,7.566
Germany,DEU,2009,9.184
Germany,DEU,2010,9.056
Germany,DEU,2011,8.784
Germany,DEU,2012,8.832
Germany,DEU,2013,9.043
Germany,DEU,2014,9.107
Germany,DEU,2015,9.235
Germany,DEU,2016,9.303
Germany,DEU,2017,9.377
Germany,DEU,2018,9.467
Germany,DEU,2019,9.667
Germany,DEU,2020,10.687
Germany,DEU,2021,10.907
Germany,DEU,2022,10.666
Germany,DEU,2023,9.968
Germany,DEU,2024,10.485
Germany,DEU,2025,10.986
Greece,GRC,2000,4.631
Greece,GRC,2001,5.212
Greece,GRC,2002,5.121
Greece,GRC,2003,5.198
Greece,GRC,2004,4.866
Greece,GRC,2005,5.33
Greece,GRC,2006,5.173
Greece,GRC,2007,5.398
Greece,GRC,2008,5.846
Greece,GRC,2009,6.515
Greece,GRC,2010,6.628
Greece,GRC,2011,6.035
Greece,GRC,2012,5.991
Greece,GRC,2013,5.36
Greece,GRC,2014,4.676
Greece,GRC,2015,4.963
Greece,GRC,2016,5.209
Greece,GRC,2017,4.928
Greece,GRC,2018,4.791
Greece,GRC,2019,5.004
Greece,GRC,2020,5.814
Greece,GRC,2021,5.624
Greece,GRC,2022,5.274
Greece,GRC,2023,5.144
Greece,GRC,2024,5.088
Greece,GRC,2025,4.991
Hungary,HUN,2000,4.715
Hungary,HUN,2001,4.649
Hungary,HUN,2002,4.952
Hungary,HUN,2003,5.735
Hungary,HUN,2004,5.467
Hungary,HUN,2005,5.65
Hungary,HUN,2006,5.508
Hungary,HUN,2007,4.963
Hungary,HUN,2008,4.885
Hungary,HUN,2009,4.943
Hungary,HUN,2010,5.007
Hungary,HUN,2011,4.983
Hungary,HUN,2012,4.868
Hungary,HUN,2013,4.821
Hungary,HUN,2014,4.723
Hungary,HUN,2015,4.67
Hungary,HUN,2016,4.743
Hungary,HUN,2017,4.639
Hungary,HUN,2018,4.559
Hungary,HUN,2019,4.29
Hungary,HUN,2020,5.119
Hungary,HUN,2021,5.315
Hungary,HUN,2022,4.865
Hungary,HUN,2023,4.716
Hungary,HUN,2024,4.765
Hungary,HUN,2025,4.817
Iceland,ISL,2000,7.098
Iceland,ISL,2001,6.983
Iceland,ISL,2002,7.573
Iceland,ISL,2003,7.825
Iceland,ISL,2004,7.477
Iceland,ISL,2005,7.124
Iceland,ISL,2006,6.901
Iceland,ISL,2007,6.757
Iceland,ISL,2008,6.796
Iceland,ISL,2009,7.133
Iceland,ISL,2010,6.596
Iceland,ISL,2011,6.541
Iceland,ISL,2012,6.504
Iceland,ISL,2013,6.562
Iceland,ISL,2014,6.617
Iceland,ISL,2015,6.515
Iceland,ISL,2016,6.582
Iceland,ISL,2017,6.736
Iceland,ISL,2018,6.853
Iceland,ISL,2019,7.078
Iceland,ISL,2020,7.904
Iceland,ISL,2021,8.0
Iceland,ISL,2022,7.553
Iceland,ISL,2023,7.225
Iceland,ISL,2024,7.679
Iceland,ISL,2025,7.713
India,IND,2000,0.939
India,IND,2001,0.909
India,IND,2002,0.877
India,IND,2003,0.819
India,IND,2004,0.801
India,IND,2005,0.828
India,IND,2006,0.805
India,IND,2007,0.795
India,IND,2008,0.836
India,IND,2009,0.907
India,IND,2010,0.862
India,IND,2011,0.91
India,IND,2012,0.903
India,IND,2013,0.829
India,IND,2014,0.829
India,IND,2015,0.928
India,IND,2016,0.947
India,IND,2017,0.974
India,IND,2018,0.984
India,IND,2019,1.043
India,IND,2020,1.224
India,IND,2021,1.376
India,IND,2022,1.395
India,IND,2023,1.372
Indonesia,IDN,2000,0.585
Indonesia,IDN,2001,0.782
Indonesia,IDN,2002,0.673
Indonesia,IDN,2003,0.813
Indonesia,IDN,2004,0.748
Indonesia,IDN,2005,0.734
Indonesia,IDN,2006,0.834
Indonesia,IDN,2007,1.028
Indonesia,IDN,2008,0.917
Indonesia,IDN,2009,0.949
Indonesia,IDN,2010,0.679
Indonesia,IDN,2011,0.717
Indonesia,IDN,2012,0.781
Indonesia,IDN,2013,0.836
Indonesia,IDN,2014,1.043
Indonesia,IDN,2015,1.159
Indonesia,IDN,2016,1.377
Indonesia,IDN,2017,1.356
Indonesia,IDN,2018,1.396
Indonesia,IDN,2019,1.401
Indonesia,IDN,2020,1.884
Indonesia,IDN,2021,2.263
Indonesia,IDN,2022,1.41
Indonesia,IDN,2023,1.451
Indonesia,IDN,2024,1.482
Ireland,IRL,2000,4.573
Ireland,IRL,2001,5.014
Ireland,IRL,2002,5.271
Ireland,IRL,2003,5.519
Ireland,IRL,2004,5.698
Ireland,IRL,2005,6.027
Ireland,IRL,2006,5.85
Ireland,IRL,2007,6.186
Ireland,IRL,2008,7.239
Ireland,IRL,2009,8.11
Ireland,IRL,2010,8.024
Ireland,IRL,2011,7.566
Ireland,IRL,2012,7.564
Ireland,IRL,2013,7.149
Ireland,IRL,2014,6.596
Ireland,IRL,2015,5.09
Ireland,IRL,2016,5.295
Ireland,IRL,2017,5.02
Ireland,IRL,2018,4.958
Ireland,IRL,2019,4.891
Ireland,IRL,2020,5.434
Ireland,IRL,2021,4.96
Ireland,IRL,2022,4.617
Ireland,IRL,2023,4.911
Ireland,IRL,2024,5.014
Ireland,IRL,2025,4.732
Israel,ISR,2000,4.164
Israel,ISR,2001,4.391
Israel,ISR,2002,4.426
Israel,ISR,2003,4.286
Israel,ISR,2004,4.203
Israel,ISR,2005,4.13
Israel,ISR,2006,4.181
Israel,ISR,2007,4.048
Israel,ISR,2008,4.177
Israel,ISR,2009,4.211
Israel,ISR,2010,4.308
Israel,ISR,2011,4.265
Israel,ISR,2012,4.353
Israel,ISR,2013,4.408
Israel,ISR,2014,4.447
Israel,ISR,2015,4.462
Israel,ISR,2016,4.507
Israel,ISR,2017,4.596
Israel,ISR,2018,4.689
Israel,ISR,2019,4.688
Israel,ISR,2020,5.258
Israel,ISR,2021,5.605
Israel,ISR,2022,4.42
Israel,ISR,2023,4.62
Israel,ISR,2024,4.615
Israel,ISR,2025,4.572
Italy,ITA,2000,5.482
Italy,ITA,2001,5.754
Italy,ITA,2002,5.874
Italy,ITA,2003,5.881
Italy,ITA,2004,6.204
Italy,ITA,2005,6.439
Italy,ITA,2006,6.529
Italy,ITA,2007,6.278
Italy,ITA,2008,6.604
Italy,ITA,2009,6.979
Italy,ITA,2010,6.966
Italy,ITA,2011,6.722
Italy,ITA,2012,6.63
Italy,ITA,2013,6.608
Italy,ITA,2014,6.639
Italy,ITA,2015,6.547
Italy,ITA,2016,6.448
Italy,ITA,2017,6.372
Italy,ITA,2018,6.349
Italy,ITA,2019,6.31
Italy,ITA,2020,7.252
Italy,ITA,2021,6.917
Italy,ITA,2022,6.524
Italy,ITA,2023,6.109
Italy,ITA,2024,6.226
Italy,ITA,2025,6.235
Japan,JPN,2000,5.575
Japan,JPN,2001,5.777
Japan,JPN,2002,5.849
Japan,JPN,2003,5.916
Japan,JPN,2004,5.99
Japan,JPN,2005,6.16
Japan,JPN,2006,6.113
Japan,JPN,2007,6.259
Japan,JPN,2008,6.498
Japan,JPN,2009,7.218
Japan,JPN,2010,7.358
Japan,JPN,2011,8.718
Japan,JPN,2012,8.87
Japan,JPN,2013,8.892
Japan,JPN,2014,8.864
Japan,JPN,2015,8.86
Japan,JPN,2016,8.77
Japan,JPN,2017,8.783
Japan,JPN,2018,8.799
Japan,JPN,2019,8.987
Japan,JPN,2020,9.524
Japan,JPN,2021,10.111
Japan,JPN,2022,10.066
Japan,JPN,2023,9.159
Japan,JPN,2024,8.84
Japan,JPN,2025,8.658
Latvia,LVA,2000,2.828
Latvia,LVA,2001,2.871
Latvia,LVA,2002,2.952
Latvia,LVA,2003,2.858
Latvia,LVA,2004,3.637
Latvia,LVA,2005,3.387
Latvia,LVA,2006,3.705
Latvia,LVA,2007,3.542
Latvia,LVA,2008,3.539
Latvia,LVA,2009,3.739
Latvia,LVA,2010,3.746
Latvia,LVA,2011,3.758
Latvia,LVA,2012,3.392
Latvia,LVA,2013,3.363
Latvia,LVA,2014,3.38
Latvia,LVA,2015,3.437
Latvia,LVA,2016,3.549
Latvia,LVA,2017,3.547
Latvia,LVA,2018,3.837
Latvia,LVA,2019,4.126
Latvia,LVA,2020,4.774
Latvia,LVA,2021,6.537
Latvia,LVA,2022,5.262
Latvia,LVA,2023,4.316
Latvia,LVA,2024,4.965
Latvia,LVA,2025,5.239
Liechtenstein,LIE,2024,3.702
Lithuania,LTU,2000,4.238
Lithuania,LTU,2001,4.295
Lithuania,LTU,2002,4.536
Lithuania,LTU,2003,4.656
Lithuania,LTU,2004,3.649
Lithuania,LTU,2005,3.767
Lithuania,LTU,2006,3.96
Lithuania,LTU,2007,4.095
Lithuania,LTU,2008,4.481
Lithuania,LTU,2009,5.322
Lithuania,LTU,2010,4.952
Lithuania,LTU,2011,4.643
Lithuania,LTU,2012,4.247
Lithuania,LTU,2013,4.078
Lithuania,LTU,2014,4.204
Lithuania,LTU,2015,4.347
Lithuania,LTU,2016,4.428
Lithuania,LTU,2017,4.275
Lithuania,LTU,2018,4.346
Lithuania,LTU,2019,4.61
Lithuania,LTU,2020,5.204
Lithuania,LTU,2021,5.315
Lithuania,LTU,2022,4.847
Lithuania,LTU,2023,4.892
Lithuania,LTU,2024,5.232
Lithuania,LTU,2025,5.194
Luxembourg,LUX,2000,4.857
Luxembourg,LUX,2001,5.28
Luxembourg,LUX,2002,5.614
Luxembourg,LUX,2003,5.77
Luxembourg,LUX,2004,6.067
Luxembourg,LUX,2005,5.927
Luxembourg,LUX,2006,5.495
Luxembourg,LUX,2007,5.184
Luxembourg,LUX,2008,5.441
Luxembourg,LUX,2009,5.959
Luxembourg,LUX,2010,5.657
Luxembourg,LUX,2011,4.95
Luxembourg,LUX,2012,4.386
Luxembourg,LUX,2013,4.35
Luxembourg,LUX,2014,4.366
Luxembourg,LUX,2015,4.251
Luxembourg,LUX,2016,4.24
Luxembourg,LUX,2017,4.311
Luxembourg,LUX,2018,4.434
Luxembourg,LUX,2019,4.644
Luxembourg,LUX,2020,4.988
Luxembourg,LUX,2021,4.832
Luxembourg,LUX,2022,4.83
Luxembourg,LUX,2023,4.784
Luxembourg,LUX,2024,4.923
Luxembourg,LUX,2025,5.083
Malta,MLT,2016,5.483
Malta,MLT,2017,5.229
Malta,MLT,2018,5.15
Malta,MLT,2019,5.559
Malta,MLT,2020,6.574
Malta,MLT,2021,6.417
Malta,MLT,2022,6.189
Malta,MLT,2023,5.731
Mexico,MEX,2000,1.919
Mexico,MEX,2001,2.005
Mexico,MEX,2002,2.062
Mexico,MEX,2003,2.3
Mexico,MEX,2004,2.47
Mexico,MEX,2005,2.357
Mexico,MEX,2006,2.315
Mexico,MEX,2007,2.413
Mexico,MEX,2008,2.5
Mexico,MEX,2009,2.729
Mexico,MEX,2010,2.757
Mexico,MEX,2011,2.799
Mexico,MEX,2012,2.878
Mexico,MEX,2013,2.998
Mexico,MEX,2014,2.791
Mexico,MEX,2015,2.885
Mexico,MEX,2016,2.761
Mexico,MEX,2017,2.684
Mexico,MEX,2018,2.6
Mexico,MEX,2019,2.607
Mexico,MEX,2020,3.202
Mexico,MEX,2021,2.951
Mexico,MEX,2022,2.962
Mexico,MEX,2023,2.906
Mexico,MEX,2024,3.174
Mexico,MEX,2025,3.22
Moldova,MDA,2000,2.901
Moldova,MDA,2001,2.865
Moldova,MDA,2002,3.548
Moldova,MDA,2003,3.284
Moldova,MDA,2004,5.35
Moldova,MDA,2005,5.105
Moldova,MDA,2006,5.313
Moldova,MDA,2007,5.912
Moldova,MDA,2008,5.575
Moldova,MDA,2009,6.518
Moldova,MDA,2010,5.112
Moldova,MDA,2011,4.586
Moldova,MDA,2012,4.902
Moldova,MDA,2013,4.417
Moldova,MDA,2014,4.807
Moldova,MDA,2015,4.176
Moldova,MDA,2016,3.921
Moldova,MDA,2017,3.744
Moldova,MDA,2018,3.798
Moldova,MDA,2019,3.921
Moldova,MDA,2020,4.585
Moldova,MDA,2021,5.156
Moldova,MDA,2022,4.595
Moldova,MDA,2023,4.757
Moldova,MDA,2024,5.23
Montenegro,MNE,2011,4.898
Montenegro,MNE,2012,5.325
Montenegro,MNE,2013,4.945
Montenegro,MNE,2014,4.874
Montenegro,MNE,2015,5.663
Montenegro,MNE,2016,5.334
Montenegro,MNE,2017,4.641
Montenegro,MNE,2018,5.075
Montenegro,MNE,2019,5.14
Montenegro,MNE,2020,7.251
Montenegro,MNE,2021,6.509
Montenegro,MNE,2022,7.234
Montenegro,MNE,2023,6.598
Montenegro,MNE,2024,6.789
Netherlands,NLD,2000,5.319
Netherlands,NLD,2001,5.6
Netherlands,NLD,2002,6.031
Netherlands,NLD,2003,6.329
Netherlands,NLD,2004,6.223
Netherlands,NLD,2005,6.199
Netherlands,NLD,2006,7.567
Netherlands,NLD,2007,7.567
Netherlands,NLD,2008,7.621
Netherlands,NLD,2009,8.242
Netherlands,NLD,2010,8.417
Netherlands,NLD,2011,8.386
Netherlands,NLD,2012,8.585
Netherlands,NLD,2013,8.522
Netherlands,NLD,2014,8.479
Netherlands,NLD,2015,8.291
Netherlands,NLD,2016,8.22
Netherlands,NLD,2017,8.117
Netherlands,NLD,2018,8.088
Netherlands,NLD,2019,8.227
Netherlands,NLD,2020,9.304
Netherlands,NLD,2021,9.347
Netherlands,NLD,2022,8.355
Netherlands,NLD,2023,8.285
Netherlands,NLD,2024,8.387
Netherlands,NLD,2025,8.469
New Zealand,NZL,2000,5.828
New Zealand,NZL,2001,5.792
New Zealand,NZL,2002,6.154
New Zealand,NZL,2003,6.049
New Zealand,NZL,2004,6.292
New Zealand,NZL,2005,6.592
New Zealand,NZL,2006,6.917
New Zealand,NZL,2007,6.863
New Zealand,NZL,2008,7.036
New Zealand,NZL,2009,7.426
New Zealand,NZL,2010,7.383
New Zealand,NZL,2011,7.375
New Zealand,NZL,2012,7.428
New Zealand,NZL,2013,7.189
New Zealand,NZL,2014,7.121
New Zealand,NZL,2015,6.974
New Zealand,NZL,2016,6.791
New Zealand,NZL,2017,6.687
New Zealand,NZL,2018,6.634
New Zealand,NZL,2019,6.675
New Zealand,NZL,2020,7.239
New Zealand,NZL,2021,7.555
New Zealand,NZL,2022,8.649
New Zealand,NZL,2023,8.122
New Zealand,NZL,2024,7.989
New Zealand,NZL,2025,7.754
North Macedonia,MKD,2000,4.788
North Macedonia,MKD,2001,4.631
North Macedonia,MKD,2002,4.807
North Macedonia,MKD,2003,5.0
North Macedonia,MKD,2004,4.8
North Macedonia,MKD,2005,4.445
North Macedonia,MKD,2006,4.501
North Macedonia,MKD,2007,4.105
North Macedonia,MKD,2008,4.33
North Macedonia,MKD,2009,4.193
North Macedonia,MKD,2010,4.161
North Macedonia,MKD,2011,4.147
North Macedonia,MKD,2012,4.268
North Macedonia,MKD,2013,4.451
North Macedonia,MKD,2014,4.083
North Macedonia,MKD,2015,4.163
North Macedonia,MKD,2016,4.119
North Macedonia,MKD,2017,3.776
North Macedonia,MKD,2018,3.768
North Macedonia,MKD,2019,4.267
North Macedonia,MKD,2020,4.682
North Macedonia,MKD,2021,4.662
North Macedonia,MKD,2022,4.229
North Macedonia,MKD,2023,4.251
Norway,NOR,2000,6.323
Norway,NOR,2001,6.657
Norway,NOR,2002,7.466
Norway,NOR,2003,7.652
Norway,NOR,2004,7.291
Norway,NOR,2005,6.861
Norway,NOR,2006,6.516
Norway,NOR,2007,6.625
Norway,NOR,2008,6.559
Norway,NOR,2009,7.479
Norway,NOR,2010,7.346
Norway,NOR,2011,7.209
Norway,NOR,2012,7.219
Norway,NOR,2013,7.348
Norway,NOR,2014,7.701
Norway,NOR,2015,8.342
Norway,NOR,2016,8.702
Norway,NOR,2017,8.416
Norway,NOR,2018,8.258
Norway,NOR,2019,8.62
Norway,NOR,2020,9.445
Norway,NOR,2021,8.136
Norway,NOR,2022,6.545
Norway,NOR,2023,7.702
Norway,NOR,2024,7.964
Norway,NOR,2025,7.998
Peru,PER,2002,2.537
Peru,PER,2003,2.404
Peru,PER,2004,2.354
Peru,PER,2005,2.62
Peru,PER,2006,2.228
Peru,PER,2007,2.155
Peru,PER,2008,2.187
Peru,PER,2009,2.541
Peru,PER,2010,2.453
Peru,PER,2011,2.323
Peru,PER,2012,2.493
Peru,PER,2013,2.651
Peru,PER,2014,2.936
Peru,PER,2015,2.98
Peru,PER,2016,3.002
Peru,PER,2017,2.977
Peru,PER,2018,3.123
Peru,PER,2019,3.196
Peru,PER,2020,4.276
Peru,PER,2021,4.39
Peru,PER,2022,3.849
Peru,PER,2023,3.567
Peru,PER,2024,3.623
Poland,POL,2000,3.627
Poland,POL,2001,4.006
Poland,POL,2002,4.26
Poland,POL,2003,4.104
Poland,POL,2004,3.957
Poland,POL,2005,3.977
Poland,POL,2006,4.003
Poland,POL,2007,4.109
Poland,POL,2008,4.552
Poland,POL,2009,4.708
Poland,POL,2010,4.613
Poland,POL,2011,4.426
Poland,POL,2012,4.363
Poland,POL,2013,4.557
Poland,POL,2014,4.44
Poland,POL,2015,4.439
Poland,POL,2016,4.524
Poland,POL,2017,4.529
Poland,POL,2018,4.469
Poland,POL,2019,4.586
Poland,POL,2020,4.645
Poland,POL,2021,4.719
Poland,POL,2022,4.978
Poland,POL,2023,5.537
Poland,POL,2024,6.028
Poland,POL,2025,6.947
Portugal,PRT,2000,6.007
Portugal,PRT,2001,6.059
Portugal,PRT,2002,6.331
Portugal,PRT,2003,6.445
Portugal,PRT,2004,6.731
Portugal,PRT,2005,6.839
Portugal,PRT,2006,5.938
Portugal,PRT,2007,5.804
Portugal,PRT,2008,5.989
Portugal,PRT,2009,6.476
Portugal,PRT,2010,6.686
Portugal,PRT,2011,6.294
Portugal,PRT,2012,5.938
Portugal,PRT,2013,5.878
Portugal,PRT,2014,5.791
Portugal,PRT,2015,5.783
Portugal,PRT,2016,5.817
Portugal,PRT,2017,5.739
Portugal,PRT,2018,5.788
Portugal,PRT,2019,5.844
Portugal,PRT,2020,6.806
Portugal,PRT,2021,7.015
Portugal,PRT,2022,6.595
Portugal,PRT,2023,6.118
Portugal,PRT,2024,6.314
Portugal,PRT,2025,6.511
Romania,ROU,2003,4.537
Romania,ROU,2004,4.075
Romania,ROU,2005,4.444
Romania,ROU,2006,4.029
Romania,ROU,2007,4.107
Romania,ROU,2008,4.09
Romania,ROU,2009,4.155
Romania,ROU,2010,4.507
Romania,ROU,2011,3.368
Romania,ROU,2012,3.469
Romania,ROU,2013,4.145
Romania,ROU,2014,3.972
Romania,ROU,2015,3.857
Romania,ROU,2016,3.979
Romania,ROU,2017,4.081
Romania,ROU,2018,4.427
Romania,ROU,2019,4.614
Romania,ROU,2020,5.013
Romania,ROU,2021,5.081
Romania,ROU,2022,4.526
Romania,ROU,2023,4.391
Romania,ROU,2024,4.76
Serbia,SRB,2000,3.799
Serbia,SRB,2001,4.138
Serbia,SRB,2002,5.232
Serbia,SRB,2003,5.106
Serbia,SRB,2004,5.19
Serbia,SRB,2005,5.299
Serbia,SRB,2006,5.193
Serbia,SRB,2007,5.516
Serbia,SRB,2008,5.658
Serbia,SRB,2009,5.556
Serbia,SRB,2010,5.658
Serbia,SRB,2011,5.415
Serbia,SRB,2012,5.597
Serbia,SRB,2013,5.399
Serbia,SRB,2014,5.202
Serbia,SRB,2015,4.911
Serbia,SRB,2016,4.725
Serbia,SRB,2017,4.551
Serbia,SRB,2018,4.911
Serbia,SRB,2019,5.083
Serbia,SRB,2020,5.181
Serbia,SRB,2021,6.122
Serbia,SRB,2022,5.851
Serbia,SRB,2023,5.336
Serbia,SRB,2024,5.244
Slovakia,SVK,2000,4.732
Slovakia,SVK,2001,4.758
Slovakia,SVK,2002,4.91
Slovakia,SVK,2003,4.814
Slovakia,SVK,2004,5.038
Slovakia,SVK,2005,4.981
Slovakia,SVK,2006,4.795
Slovakia,SVK,2007,4.973
Slovakia,SVK,2008,5.245
Slovakia,SVK,2009,5.844
Slovakia,SVK,2010,5.516
Slovakia,SVK,2011,5.397
Slovakia,SVK,2012,5.433
Slovakia,SVK,2013,5.551
Slovakia,SVK,2014,5.508
Slovakia,SVK,2015,5.374
Slovakia,SVK,2016,5.579
Slovakia,SVK,2017,5.383
Slovakia,SVK,2018,5.318
Slovakia,SVK,2019,5.515
Slovakia,SVK,2020,5.667
Slovakia,SVK,2021,6.085
Slovakia,SVK,2022,6.157
Slovakia,SVK,2023,5.818
Slovakia,SVK,2024,6.301
Slovakia,SVK,2025,6.388
Slovenia,SVN,2000,5.726
Slovenia,SVN,2001,5.685
Slovenia,SVN,2002,5.955
Slovenia,SVN,2003,5.953
Slovenia,SVN,2004,5.874
Slovenia,SVN,2005,5.918
Slovenia,SVN,2006,5.753
Slovenia,SVN,2007,5.393
Slovenia,SVN,2008,5.806
Slovenia,SVN,2009,6.315
Slovenia,SVN,2010,6.343
Slovenia,SVN,2011,6.315
Slovenia,SVN,2012,6.327
Slovenia,SVN,2013,6.31
Slovenia,SVN,2014,6.105
Slovenia,SVN,2015,6.173
Slovenia,SVN,2016,6.232
Slovenia,SVN,2017,5.963
Slovenia,SVN,2018,6.082
Slovenia,SVN,2019,6.234
Slovenia,SVN,2020,6.943
Slovenia,SVN,2021,7.028
Slovenia,SVN,2022,7.124
Slovenia,SVN,2023,6.832
Slovenia,SVN,2024,7.944
Slovenia,SVN,2025,8.273
South Africa,ZAF,2000,2.685
South Africa,ZAF,2001,2.403
South Africa,ZAF,2002,2.306
South Africa,ZAF,2003,2.791
South Africa,ZAF,2004,2.732
South Africa,ZAF,2005,2.745
South Africa,ZAF,2006,2.837
South Africa,ZAF,2007,2.919
South Africa,ZAF,2008,2.998
South Africa,ZAF,2009,3.381
South Africa,ZAF,2010,3.572
South Africa,ZAF,2011,3.692
South Africa,ZAF,2012,3.696
South Africa,ZAF,2013,3.699
South Africa,ZAF,2014,3.64
South Africa,ZAF,2015,3.753
South Africa,ZAF,2016,3.751
South Africa,ZAF,2017,3.745
South Africa,ZAF,2018,3.781
South Africa,ZAF,2019,3.937
South Africa,ZAF,2020,4.357
South Africa,ZAF,2021,4.105
South Africa,ZAF,2022,4.006
South Africa,ZAF,2023,4.084
South Korea,KOR,2000,2.016
South Korea,KOR,2001,2.365
South Korea,KOR,2002,2.234
South Korea,KOR,2003,2.351
South Korea,KOR,2004,2.346
South Korea,KOR,2005,2.481
South Korea,KOR,2006,2.737
South Korea,KOR,2007,2.822
South Korea,KOR,2008,2.893
South Korea,KOR,2009,3.22
South Korea,KOR,2010,3.291
South Korea,KOR,2011,3.301
South Korea,KOR,2012,3.321
South Korea,KOR,2013,3.392
South Korea,KOR,2014,3.499
South Korea,KOR,2015,3.604
South Korea,KOR,2016,3.749
South Korea,KOR,2017,3.887
South Korea,KOR,2018,4.141
South Korea,KOR,2019,4.547
South Korea,KOR,2020,4.79
South Korea,KOR,2021,5.175
South Korea,KOR,2022,5.621
South Korea,KOR,2023,5.103
South Korea,KOR,2024,5.06
South Korea,KOR,2025,4.953
Spain,ESP,2000,4.854
Spain,ESP,2001,4.808
Spain,ESP,2002,4.83
Spain,ESP,2003,5.375
Spain,ESP,2004,5.452
Spain,ESP,2005,5.536
Spain,ESP,2006,5.638
Spain,ESP,2007,5.715
Spain,ESP,2008,6.127
Spain,ESP,2009,6.814
Spain,ESP,2010,6.761
Spain,ESP,2011,6.706
Spain,ESP,2012,6.572
Spain,ESP,2013,6.407
Spain,ESP,2014,6.346
Spain,ESP,2015,6.453
Spain,ESP,2016,6.355
Spain,ESP,2017,6.268
Spain,ESP,2018,6.276
Spain,ESP,2019,6.399
Spain,ESP,2020,7.782
Spain,ESP,2021,7.511
Spain,ESP,2022,7.049
Spain,ESP,2023,6.751
Spain,ESP,2024,6.68
Spain,ESP,2025,6.544
Sweden,SWE,2000,6.266
Sweden,SWE,2001,6.459
Sweden,SWE,2002,6.737
Sweden,SWE,2003,6.895
Sweden,SWE,2004,6.713
Sweden,SWE,2005,6.697
Sweden,SWE,2006,6.606
Sweden,SWE,2007,6.568
Sweden,SWE,2008,6.774
Sweden,SWE,2009,7.228
Sweden,SWE,2010,6.855
Sweden,SWE,2011,8.876
Sweden,SWE,2012,9.126
Sweden,SWE,2013,9.232
Sweden,SWE,2014,9.302
Sweden,SWE,2015,9.163
Sweden,SWE,2016,9.234
Sweden,SWE,2017,9.271
Sweden,SWE,2018,9.398
Sweden,SWE,2019,9.303
Sweden,SWE,2020,9.848
Sweden,SWE,2021,9.716
Sweden,SWE,2022,9.399
Sweden,SWE,2023,9.695
Sweden,SWE,2024,9.603
Sweden,SWE,2025,9.337
Switzerland,CHE,2000,5.25
Switzerland,CHE,2001,5.547
Switzerland,CHE,2002,5.933
Switzerland,CHE,2003,6.171
Switzerland,CHE,2004,6.218
Switzerland,CHE,2005,6.25
Switzerland,CHE,2006,5.894
Switzerland,CHE,2007,5.782
Switzerland,CHE,2008,5.98
Switzerland,CHE,2009,6.389
Switzerland,CHE,2010,6.366
Switzerland,CHE,2011,6.485
Switzerland,CHE,2012,6.77
Switzerland,CHE,2013,6.988
Switzerland,CHE,2014,7.009
Switzerland,CHE,2015,7.296
Switzerland,CHE,2016,7.511
Switzerland,CHE,2017,7.629
Switzerland,CHE,2018,7.347
Switzerland,CHE,2019,7.571
Switzerland,CHE,2020,8.176
Switzerland,CHE,2021,7.953
Switzerland,CHE,2022,7.648
Switzerland,CHE,2023,7.624
Switzerland,CHE,2024,7.777
Switzerland,CHE,2025,8.03
Thailand,THA,2000,1.797
Thailand,THA,2001,1.754
Thailand,THA,2002,2.165
Thailand,THA,2003,2.128
Thailand,THA,2004,2.093
Thailand,THA,2005,2.088
Thailand,THA,2006,2.334
Thailand,THA,2007,2.517
Thailand,THA,2008,2.704
Thailand,THA,2009,2.733
Thailand,THA,2010,2.584
Thailand,THA,2011,2.814
Thailand,THA,2012,2.754
Thailand,THA,2013,2.701
Thailand,THA,2014,2.854
Thailand,THA,2015,2.864
Thailand,THA,2016,2.978
Thailand,THA,2017,2.872
Thailand,THA,2018,2.851
Thailand,THA,2019,2.832
Thailand,THA,2020,3.181
Thailand,THA,2021,3.737
Thailand,THA,2022,3.992
Thailand,THA,2023,3.432
Thailand,THA,2024,3.457
Turkey,TUR,2000,2.832
Turkey,TUR,2001,3.28
Turkey,TUR,2002,3.535
Turkey,TUR,2003,3.561
Turkey,TUR,2004,3.509
Turkey,TUR,2005,3.302
Turkey,TUR,2006,3.527
Turkey,TUR,2007,3.582
Turkey,TUR,2008,3.769
Turkey,TUR,2009,4.392
Turkey,TUR,2010,3.888
Turkey,TUR,2011,3.658
Turkey,TUR,2012,3.5
Turkey,TUR,2013,3.409
Turkey,TUR,2014,3.344
Turkey,TUR,2015,3.212
Turkey,TUR,2016,3.357
Turkey,TUR,2017,3.23
Turkey,TUR,2018,3.151
Turkey,TUR,2019,3.322
Turkey,TUR,2020,3.574
Turkey,TUR,2021,3.508
Turkey,TUR,2022,2.726
Turkey,TUR,2023,3.181
Turkey,TUR,2024,3.656
Turkey,TUR,2025,3.506
Ukraine,UKR,2000,2.508
Ukraine,UKR,2001,2.697
Ukraine,UKR,2002,2.958
Ukraine,UKR,2003,3.515
Ukraine,UKR,2004,3.28
Ukraine,UKR,2005,3.589
Ukraine,UKR,2006,3.735
Ukraine,UKR,2007,3.434
Ukraine,UKR,2008,3.076
Ukraine,UKR,2009,3.714
Ukraine,UKR,2010,3.693
Ukraine,UKR,2011,3.427
Ukraine,UKR,2012,3.743
Ukraine,UKR,2013,3.344
Ukraine,UKR,2014,3.463
Ukraine,UKR,2015,3.755
Ukraine,UKR,2016,3.652
Ukraine,UKR,2017,3.561
Ukraine,UKR,2018,3.529
Ukraine,UKR,2019,3.226
Ukraine,UKR,2020,3.727
Ukraine,UKR,2021,4.276
United Kingdom,GBR,2000,5.363
United Kingdom,GBR,2001,5.584
United Kingdom,GBR,2002,5.981
United Kingdom,GBR,2003,6.24
United Kingdom,GBR,2004,6.602
United Kingdom,GBR,2005,6.738
United Kingdom,GBR,2006,6.952
United Kingdom,GBR,2007,6.961
United Kingdom,GBR,2008,7.242
United Kingdom,GBR,2009,8.023
United Kingdom,GBR,2010,7.929
United Kingdom,GBR,2011,7.912
United Kingdom,GBR,2012,7.913
United Kingdom,GBR,2013,7.841
United Kingdom,GBR,2014,7.822
United Kingdom,GBR,2015,7.785
United Kingdom,GBR,2016,7.775
United Kingdom,GBR,2017,7.588
United Kingdom,GBR,2018,7.63
United Kingdom,GBR,2019,7.811
United Kingdom,GBR,2020,9.991
United Kingdom,GBR,2021,9.888
United Kingdom,GBR,2022,8.844
United Kingdom,GBR,2023,8.739
United Kingdom,GBR,2024,8.975
United Kingdom,GBR,2025,9.235
United States,USA,2000,5.543
United States,USA,2001,5.967
United States,USA,2002,6.325
United States,USA,2003,6.523
United States,USA,2004,6.609
United States,USA,2005,6.629
United States,USA,2006,6.783
United States,USA,2007,6.885
United States,USA,2008,7.195
United States,USA,2009,7.829
United States,USA,2010,7.885
United States,USA,2011,7.872
United States,USA,2012,7.851
United States,USA,2013,7.885
United States,USA,2014,13.352
United States,USA,2015,13.628
United States,USA,2016,13.873
United States,USA,2017,13.816
United States,USA,2018,13.784
United States,USA,2019,13.816
United States,USA,2020,15.797
United States,USA,2021,14.639
United States,USA,2022,14.008
United States,USA,2023,14.054
United States,USA,2024,14.302
United States,USA,2025,14.641
