Country,Country Code,Year,Health Expenditure Share of ppp per capita,Life Expectancy,Female,Male
Argentina,ARG,2011,1720.776,76.1,79.4,72.7
Argentina,ARG,2012,1823.142,75.8,78.7,72.9
Argentina,ARG,2013,1897.87,75.8,78.6,73.0
Argentina,ARG,2014,1837.484,76.3,79.2,73.3
Argentina,ARG,2015,1979.342,76.6,79.8,73.4
Argentina,ARG,2016,1956.326,76.1,79.1,73.0
Argentina,ARG,2017,2454.47,76.5,79.2,73.8
Argentina,ARG,2018,2590.859,76.8,79.5,74.0
Argentina,ARG,2019,2462.934,76.8,79.4,74.2
Argentina,ARG,2020,2478.095,75.9,78.8,73.0
Argentina,ARG,2021,3010.013,73.9,76.9,71.1
Argentina,ARG,2022,3231.027,75.8,78.3,73.2
Argentina,ARG,2023,3232.306,77.4,79.9,74.8
Australia,AUS,2000,2150.37,79.2,82.0,76.6
Australia,AUS,2001,2288.493,79.6,82.4,77.0
Australia,AUS,2002,2481.046,79.9,82.6,77.4
Australia,AUS,2003,2580.774,80.2,82.8,77.8
Australia,AUS,2004,2819.789,80.5,83.0,78.1
Australia,AUS,2005,2872.44,80.8,83.3,78.5
Australia,AUS,2006,2997.875,81.0,83.5,78.7
Australia,AUS,2007,3199.637,81.3,83.7,79.0
Australia,AUS,2008,3350.144,81.4,83.7,79.2
Australia,AUS,2009,3414.974,81.5,83.9,79.3
Australia,AUS,2010,3592.914,81.7,84.0,79.5
Australia,AUS,2011,3809.112,81.9,84.2,79.7
Australia,AUS,2012,3854.19,82.0,84.3,79.9
Australia,AUS,2013,4087.849,82.1,84.3,80.1
Australia,AUS,2014,4556.492,82.3,84.4,80.3
Australia,AUS,2015,4755.736,82.4,84.5,80.4
Australia,AUS,2016,5037.412,82.4,84.6,80.4
Australia,AUS,2017,5077.451,82.5,84.6,80.5
Australia,AUS,2018,5226.117,82.8,84.9,80.7
Australia,AUS,2019,5280.909,82.9,85.0,80.9
Australia,AUS,2020,5855.181,83.2,85.3,81.2
Australia,AUS,2021,6592.259,83.3,85.4,81.3
Australia,AUS,2022,6982.292,83.2,85.3,81.2
Australia,AUS,2023,7574.073,83.0,85.1,81.1
Australia,AUS,2024,7884.927,83.0,85.1,81.1
Austria,AUT,2000,2844.938,78.3,81.2,75.2
Austria,AUT,2001,2900.767,78.8,81.7,75.6
Austria,AUT,2002,3142.925,78.9,81.7,75.8
Austria,AUT,2003,3228.918,78.8,81.5,75.9
Austria,AUT,2004,3421.396,79.3,82.1,76.4
Austria,AUT,2005,3484.886,79.5,82.2,76.6
Austria,AUT,2006,3649.101,80.1,82.8,77.1
Austria,AUT,2007,3801.073,80.3,83.1,77.4
Austria,AUT,2008,4027.601,80.6,83.3,77.7
Austria,AUT,2009,4103.221,80.5,83.2,77.6
Austria,AUT,2010,4269.117,80.7,83.5,77.8
Austria,AUT,2011,4365.426,81.1,83.8,78.3
Austria,AUT,2012,4604.588,81.1,83.6,78.4
Austria,AUT,2013,4782.223,81.3,83.8,78.6
Austria,AUT,2014,4880.737,81.4,83.7,78.9
Austria,AUT,2015,4982.876,81.2,83.6,78.6
Austria,AUT,2016,5249.61,81.6,84.0,79.1
Austria,AUT,2017,5380.95,81.6,83.9,79.3
Austria,AUT,2018,5577.829,81.7,84.0,79.3
Austria,AUT,2019,6016.146,81.9,84.2,79.5
Austria,AUT,2020,6295.183,81.3,83.7,78.9
Austria,AUT,2021,7464.846,81.3,83.7,78.8
Austria,AUT,2022,7919.945,81.4,83.8,79.0
Austria,AUT,2023,8278.468,81.9,84.2,79.4
Austria,AUT,2024,8850.713,82.1,84.3,79.8
Belgium,BEL,2000,2298.627,77.9,81.0,74.6
Belgium,BEL,2001,2404.608,78.1,81.2,74.9
Belgium,BEL,2002,2644.145,78.2,81.2,75.1
Belgium,BEL,2003,2901.755,78.3,81.1,75.3
Belgium,BEL,2004,3085.316,79.0,81.9,76.0
Belgium,BEL,2005,3103.728,79.1,81.9,76.2
Belgium,BEL,2006,3193.348,79.5,82.3,76.6
Belgium,BEL,2007,3307.272,79.9,82.6,77.1
Belgium,BEL,2008,3545.156,79.8,82.6,76.9
Belgium,BEL,2009,3807.096,80.2,82.8,77.4
Belgium,BEL,2010,3985.947,80.3,83.0,77.5
Belgium,BEL,2011,4101.533,80.7,83.3,78.0
Belgium,BEL,2012,4292.98,80.5,83.1,77.8
Belgium,BEL,2013,4481.104,80.7,83.2,78.1
Belgium,BEL,2014,4619.893,81.1,83.5,78.6
Belgium,BEL,2015,4839.929,80.9,83.2,78.6
Belgium,BEL,2016,5036.449,81.3,83.7,78.8
Belgium,BEL,2017,5185.522,81.4,83.7,79.0
Belgium,BEL,2018,5404.639,81.5,83.7,79.2
Belgium,BEL,2019,5806.198,81.8,84.0,79.6
Belgium,BEL,2020,6091.262,80.8,83.1,78.5
Belgium,BEL,2021,6549.082,81.7,84.1,79.3
Belgium,BEL,2022,7077.542,81.7,83.8,79.6
Belgium,BEL,2023,7690.773,82.3,84.3,80.2
Belgium,BEL,2024,8096.014,82.4,84.4,80.3
Brazil,BRA,2011,1178.694,74.0,77.5,70.7
Brazil,BRA,2012,1222.604,74.3,77.8,70.9
Brazil,BRA,2013,1299.214,74.6,78.1,71.2
Brazil,BRA,2014,1376.439,74.8,78.3,71.5
Brazil,BRA,2015,1360.799,75.1,78.5,71.8
Brazil,BRA,2016,1339.996,75.1,78.5,71.7
Brazil,BRA,2017,1364.568,75.4,78.8,72.1
Brazil,BRA,2018,1454.169,75.6,79.0,72.4
Brazil,BRA,2019,1546.877,75.8,79.0,72.7
Brazil,BRA,2020,1578.256,74.5,77.6,71.5
Brazil,BRA,2021,1778.286,73.0,76.4,69.8
Brazil,BRA,2022,1898.368,74.9,78.1,71.7
Bulgaria,BGR,2003,571.26,72.3,75.9,68.9
Bulgaria,BGR,2004,599.083,72.5,76.2,69.0
Bulgaria,BGR,2005,662.588,72.5,76.2,69.0
Bulgaria,BGR,2006,678.042,72.7,76.3,69.2
Bulgaria,BGR,2007,725.441,73.0,76.6,69.5
Bulgaria,BGR,2008,813.823,73.3,77.0,69.8
Bulgaria,BGR,2009,852.424,73.7,77.4,70.2
Bulgaria,BGR,2010,970.293,73.8,77.4,70.3
Bulgaria,BGR,2011,1084.652,74.2,77.8,70.7
Bulgaria,BGR,2012,1180.308,74.4,77.9,70.9
Bulgaria,BGR,2013,1177.698,74.9,78.6,71.3
Bulgaria,BGR,2014,1357.076,74.4,77.9,70.9
Bulgaria,BGR,2015,1386.813,74.5,78.0,71.1
Bulgaria,BGR,2016,1544.533,74.7,78.4,71.1
Bulgaria,BGR,2017,1651.587,74.6,78.2,71.1
Bulgaria,BGR,2018,1755.498,74.7,78.3,71.2
Bulgaria,BGR,2019,1884.787,74.8,78.5,71.2
Bulgaria,BGR,2020,2238.397,73.3,77.3,69.6
Bulgaria,BGR,2021,2654.428,71.2,75.0,67.7
Bulgaria,BGR,2022,2803.324,74.1,77.9,70.5
Bulgaria,BGR,2023,3234.507,75.7,79.5,71.9
Bulgaria,BGR,2024,3751.423,75.8,79.5,72.2
Canada,CAN,2000,2450.585,79.3,81.8,76.6
Canada,CAN,2001,2624.271,79.5,82.0,76.9
Canada,CAN,2002,2758.142,79.6,82.0,77.2
Canada,CAN,2003,2914.315,79.8,82.2,77.3
Canada,CAN,2004,3122.602,80.1,82.4,77.7
Canada,CAN,2005,3292.016,80.2,82.5,77.8
Canada,CAN,2006,3488.038,80.7,82.9,78.3
Canada,CAN,2007,3711.256,80.7,82.9,78.3
Canada,CAN,2008,3849.985,80.8,83.1,78.5
Canada,CAN,2009,3946.766,81.2,83.3,78.9
Canada,CAN,2010,4156.879,81.4,83.5,79.2
Canada,CAN,2011,4231.3,81.6,83.7,79.4
Canada,CAN,2012,4341.234,81.8,83.8,79.6
Canada,CAN,2013,4433.754,81.8,83.9,79.7
Canada,CAN,2014,4541.822,81.9,83.9,79.8
Canada,CAN,2015,4640.668,81.9,83.9,79.9
Canada,CAN,2016,5049.311,82.0,84.0,79.9
Canada,CAN,2017,5185.076,81.9,84.0,79.7
Canada,CAN,2018,5333.631,81.9,84.0,79.8
Canada,CAN,2019,5394.953,82.2,84.3,80.1
Canada,CAN,2020,6195.885,81.6,83.8,79.3
Canada,CAN,2021,6896.98,81.5,83.9,79.1
Canada,CAN,2022,6910.418,81.1,83.4,78.9
Canada,CAN,2023,7208.115,81.7,83.9,79.5
Canada,CAN,2024,7372.25,82.2,84.3,80.0
Chile,CHL,2000,585.419,77.0,80.2,74.0
Chile,CHL,2001,615.642,76.9,80.1,73.8
Chile,CHL,2002,650.213,77.5,80.7,74.3
Chile,CHL,2003,700.652,77.5,80.7,74.5
Chile,CHL,2004,764.626,77.6,80.7,74.6
Chile,CHL,2005,810.691,78.0,81.1,75.0
Chile,CHL,2006,959.483,78.4,81.4,75.5
Chile,CHL,2007,1060.721,77.9,81.0,75.0
Chile,CHL,2008,1129.411,78.6,81.6,75.6
Chile,CHL,2009,1209.207,78.8,81.9,75.8
Chile,CHL,2010,1254.254,78.6,81.6,75.7
Chile,CHL,2011,1355.452,79.2,82.1,76.5
Chile,CHL,2012,1485.284,79.3,82.0,76.6
Chile,CHL,2013,1658.112,79.5,82.4,76.8
Chile,CHL,2014,1754.988,79.7,82.5,77.0
Chile,CHL,2015,1833.552,79.9,82.7,77.3
Chile,CHL,2016,1941.256,80.3,83.0,77.7
Chile,CHL,2017,2119.552,80.5,83.1,78.0
Chile,CHL,2018,2262.518,80.8,83.5,78.3
Chile,CHL,2019,2389.441,80.9,83.6,78.4
Chile,CHL,2020,2489.426,79.9,82.8,77.1
Chile,CHL,2021,2848.285,79.2,82.1,76.4
Chile,CHL,2022,3130.127,79.8,82.5,77.1
Chile,CHL,2023,3515.455,81.2,83.7,78.8
Chile,CHL,2024,4002.955,81.3,83.7,78.9
Chile,CHL,2025,4095.044,81.5,84.0,79.2
China (People’s Republic of),CHN,2011,443.965,75.9,78.7,73.3
China (People’s Republic of),CHN,2012,514.271,76.2,79.0,73.6
China (People’s Republic of),CHN,2013,566.904,76.5,79.2,73.9
China (People’s Republic of),CHN,2014,600.448,76.7,79.5,74.1
China (People’s Republic of),CHN,2015,640.023,77.0,79.8,74.4
China (People’s Republic of),CHN,2016,672.853,77.2,80.1,74.6
China (People’s Republic of),CHN,2017,772.763,77.2,80.3,74.4
China (People’s Republic of),CHN,2018,851.444,77.7,80.6,75.0
China (People’s Republic of),CHN,2019,949.352,77.9,80.7,75.3
China (People’s Republic of),CHN,2020,1030.111,78.0,81.0,75.2
China (People’s Republic of),CHN,2021,1109.462,78.1,80.9,75.5
China (People’s Republic of),CHN,2022,1372.911,78.2,81.1,75.5
China (People’s Republic of),CHN,2023,1518.941,78.0,80.9,75.2
Colombia,COL,2011,818.188,74.5,78.1,71.1
Colombia,COL,2012,867.719,74.7,78.3,71.4
Colombia,COL,2013,959.772,75.0,78.5,71.7
Colombia,COL,2014,1025.999,75.2,78.7,71.9
Colombia,COL,2015,1077.247,75.4,78.9,72.2
Colombia,COL,2016,1146.737,75.7,79.1,72.5
Colombia,COL,2017,1184.434,75.9,79.3,72.7
Colombia,COL,2018,1245.711,75.3,78.1,72.7
Colombia,COL,2019,1315.321,75.5,78.3,72.9
Colombia,COL,2020,1379.007,74.4,77.4,71.5
Colombia,COL,2021,1635.019,74.2,77.4,71.3
Colombia,COL,2022,1633.154,74.9,77.9,72.0
Colombia,COL,2023,1885.752,76.3,78.9,73.8
Colombia,COL,2024,2089.781,76.4,79.0,73.9
Colombia,COL,2025,2088.131,76.6,79.2,74.1
Costa Rica,CRI,2011,1167.55,79.1,81.6,76.6
Costa Rica,CRI,2012,1208.967,79.4,81.9,76.9
Costa Rica,CRI,2013,1228.638,79.6,82.1,77.1
Costa Rica,CRI,2014,1302.344,79.7,82.3,77.2
Costa Rica,CRI,2015,1372.151,79.9,82.4,77.4
Costa Rica,CRI,2016,1403.238,80.0,82.6,77.5
Costa Rica,CRI,2017,1436.559,80.2,82.7,77.6
Costa Rica,CRI,2018,1522.274,80.3,82.9,77.8
Costa Rica,CRI,2019,1603.628,80.5,83.0,77.9
Costa Rica,CRI,2020,1581.441,80.6,83.2,78.1
Costa Rica,CRI,2021,1709.282,80.8,83.3,78.2
Costa Rica,CRI,2022,1759.395,80.9,83.5,78.3
Costa Rica,CRI,2023,1901.755,81.0,83.6,78.4
Costa Rica,CRI,2024,2057.709,80.9,83.4,78.4
Costa Rica,CRI,2025,2207.824,81.1,83.5,78.6
Croatia,HRV,2003,819.377,74.6,78.1,71.0
Croatia,HRV,2004,901.292,75.4,78.8,71.8
Croatia,HRV,2005,985.886,75.3,78.8,71.7
Croatia,HRV,2006,1099.74,75.9,79.3,72.4
Croatia,HRV,2007,1292.624,75.8,79.2,72.2
Croatia,HRV,2008,1445.84,76.0,79.7,72.3
Croatia,HRV,2009,1475.332,76.3,79.7,72.8
Croatia,HRV,2010,1467.538,76.7,79.9,73.4
Croatia,HRV,2011,1434.654,77.2,80.4,73.8
Croatia,HRV,2012,1454.817,77.3,80.6,73.9
Croatia,HRV,2013,1296.204,77.8,81.0,74.5
Croatia,HRV,2014,1372.72,77.8,80.8,74.6
Croatia,HRV,2015,1448.155,77.4,80.4,74.3
Croatia,HRV,2016,1591.633,78.0,81.1,74.8
Croatia,HRV,2017,1687.655,77.8,80.8,74.8
Croatia,HRV,2018,1830.834,78.0,81.2,74.7
Croatia,HRV,2019,2019.987,78.3,81.3,75.2
Croatia,HRV,2020,2166.711,77.6,80.7,74.5
Croatia,HRV,2021,2717.751,76.6,79.7,73.5
Croatia,HRV,2022,2767.875,77.7,80.8,74.6
Croatia,HRV,2023,3102.223,78.5,81.7,75.4
Croatia,HRV,2024,3528.971,78.9,81.8,76.0
Czechia,CZE,2000,1026.221,75.1,78.5,71.6
Czechia,CZE,2001,1160.437,75.3,78.5,72.0
Czechia,CZE,2002,1267.68,75.4,78.7,72.1
Czechia,CZE,2003,1393.294,75.3,78.6,72.0
Czechia,CZE,2004,1463.595,75.9,79.1,72.5
Czechia,CZE,2005,1523.395,76.1,79.2,72.9
Czechia,CZE,2006,1559.463,76.7,79.9,73.5
Czechia,CZE,2007,1660.623,77.0,80.2,73.8
Czechia,CZE,2008,1822.937,77.3,80.5,74.1
Czechia,CZE,2009,2050.813,77.4,80.5,74.3
Czechia,CZE,2010,2198.018,77.7,80.9,74.5
Czechia,CZE,2011,2220.438,78.0,81.1,74.8
Czechia,CZE,2012,2274.866,78.1,81.2,75.1
Czechia,CZE,2013,2376.531,78.3,81.3,75.2
Czechia,CZE,2014,2564.045,78.8,81.7,75.7
Czechia,CZE,2015,2593.927,78.6,81.5,75.6
Czechia,CZE,2016,2778.648,79.0,81.9,76.0
Czechia,CZE,2017,2952.804,79.0,81.9,76.0
Czechia,CZE,2018,3124.264,79.0,81.9,76.1
Czechia,CZE,2019,3490.876,79.2,82.1,76.3
Czechia,CZE,2020,4098.209,78.3,81.3,75.3
Czechia,CZE,2021,4462.251,77.2,80.5,74.1
Czechia,CZE,2022,4540.407,79.0,81.9,76.1
Czechia,CZE,2023,4920.598,79.8,82.7,76.9
Czechia,CZE,2024,5200.672,80.1,83.0,77.1
Denmark,DNK,2000,2346.165,76.9,79.2,74.5
Denmark,DNK,2001,2472.72,77.0,79.3,74.7
Denmark,DNK,2002,2711.668,77.1,79.4,74.8
Denmark,DNK,2003,2722.074,77.4,79.8,75.0
Denmark,DNK,2004,2919.718,77.8,80.2,75.4
Denmark,DNK,2005,3014.982,78.3,80.5,76.0
Denmark,DNK,2006,3287.698,78.4,80.7,76.1
Denmark,DNK,2007,3563.372,78.4,80.6,76.2
Denmark,DNK,2008,3777.707,78.8,81.0,76.5
Denmark,DNK,2009,4020.146,79.0,81.1,76.9
Denmark,DNK,2010,4262.887,79.3,81.4,77.2
Denmark,DNK,2011,4266.254,79.9,81.9,77.8
Denmark,DNK,2012,4426.627,80.2,82.1,78.1
Denmark,DNK,2013,4517.248,80.4,82.4,78.3
Denmark,DNK,2014,4589.765,80.6,82.7,78.6
Denmark,DNK,2015,4719.382,80.7,82.7,78.8
Denmark,DNK,2016,4894.079,80.9,82.8,78.9
Denmark,DNK,2017,5112.959,81.1,83.1,79.1
Denmark,DNK,2018,5306.704,81.0,82.9,79.0
Denmark,DNK,2019,5656.597,81.4,83.4,79.4
Denmark,DNK,2020,6146.851,81.5,83.5,79.6
Denmark,DNK,2021,6912.955,81.4,83.3,79.6
Denmark,DNK,2022,6888.355,81.3,83.2,79.4
Denmark,DNK,2023,7076.503,81.7,83.6,79.7
Denmark,DNK,2024,7400.824,82.0,83.9,80.2
Estonia,EST,2000,543.127,71.1,76.4,65.6
Estonia,EST,2001,545.306,70.9,76.5,65.2
Estonia,EST,2002,624.72,71.4,77.2,65.6
Estonia,EST,2003,740.064,71.9,77.2,66.4
Estonia,EST,2004,848.594,72.4,78.0,66.7
Estonia,EST,2005,931.229,73.0,78.2,67.6
Estonia,EST,2006,987.788,73.2,78.6,67.6
Estonia,EST,2007,1184.058,73.2,78.9,67.5
Estonia,EST,2008,1345.946,74.4,79.5,68.9
Estonia,EST,2009,1367.901,75.3,80.3,70.0
Estonia,EST,2010,1421.081,76.0,80.8,70.9
Estonia,EST,2011,1466.12,76.6,81.3,71.4
Estonia,EST,2012,1583.049,76.7,81.5,71.4
Estonia,EST,2013,1707.913,77.5,81.7,72.8
Estonia,EST,2014,1821.237,77.1,81.5,72.3
Estonia,EST,2015,1941.591,77.7,81.8,73.1
Estonia,EST,2016,2096.544,77.8,81.9,73.2
Estonia,EST,2017,2201.474,78.2,82.3,73.7
Estonia,EST,2018,2364.073,78.4,82.4,73.9
Estonia,EST,2019,2613.77,78.8,82.8,74.4
Estonia,EST,2020,2921.922,78.8,82.8,74.4
Estonia,EST,2021,3175.924,77.2,81.4,72.7
Estonia,EST,2022,3181.755,78.1,82.2,73.6
Estonia,EST,2023,3568.142,78.9,83.0,74.5
Estonia,EST,2024,3930.431,79.4,83.4,75.1
Finland,FIN,2000,1877.209,77.8,81.2,74.2
Finland,FIN,2001,1982.592,78.2,81.7,74.6
Finland,FIN,2002,2201.215,78.3,81.6,74.9
Finland,FIN,2003,2276.224,78.6,81.9,75.1
Finland,FIN,2004,2477.926,79.0,82.5,75.4
Finland,FIN,2005,2573.5,79.1,82.5,75.6
Finland,FIN,2006,2751.399,79.5,83.1,75.9
Finland,FIN,2007,3005.173,79.6,83.1,76.0
Finland,FIN,2008,3243.775,79.9,83.3,76.5
Finland,FIN,2009,3284.719,80.1,83.5,76.6
Finland,FIN,2010,3425.148,80.2,83.5,76.9
Finland,FIN,2011,3598.302,80.6,83.8,77.3
Finland,FIN,2012,3786.188,80.7,83.7,77.7
Finland,FIN,2013,3933.236,81.1,84.1,78.0
Finland,FIN,2014,3955.755,81.1,83.9,78.2
Finland,FIN,2015,3992.493,81.4,84.1,78.5
Finland,FIN,2016,4103.554,81.3,84.1,78.4
Finland,FIN,2017,4215.309,81.5,84.2,78.7
Finland,FIN,2018,4330.443,81.6,84.3,78.9
Finland,FIN,2019,4659.76,81.9,84.6,79.2
Finland,FIN,2020,4966.75,81.8,84.6,79.0
Finland,FIN,2021,5394.731,81.8,84.5,79.1
Finland,FIN,2022,5834.019,81.2,83.8,78.6
Finland,FIN,2023,6562.965,81.6,84.2,79.0
Finland,FIN,2024,6786.265,82.2,84.8,79.6
France,FRA,2000,2688.047,79.2,83.0,75.3
France,FRA,2001,2875.765,79.3,83.0,75.5
France,FRA,2002,3152.016,79.4,83.0,75.7
France,FRA,2003,3055.102,79.3,82.7,75.7
France,FRA,2004,3169.942,80.3,83.8,76.7
France,FRA,2005,3264.574,80.3,83.8,76.7
France,FRA,2006,3443.264,80.9,84.5,77.3
France,FRA,2007,3588.514,81.3,84.8,77.6
France,FRA,2008,3729.353,81.4,84.8,77.8
France,FRA,2009,3884.7,81.5,85.0,78.0
France,FRA,2010,3970.767,81.8,85.3,78.2
France,FRA,2011,4090.696,82.3,85.7,78.7
France,FRA,2012,4225.235,82.1,85.4,78.7
France,FRA,2013,4490.32,82.4,85.6,79.0
France,FRA,2014,4558.191,82.4,85.4,79.2
France,FRA,2015,4607.219,82.1,85.1,79.0
France,FRA,2016,4863.273,82.4,85.3,79.3
France,FRA,2017,4944.338,82.4,85.3,79.4
France,FRA,2018,5035.647,82.6,85.5,79.5
France,FRA,2019,5433.728,82.7,85.6,79.7
France,FRA,2020,5770.47,82.2,85.1,79.1
France,FRA,2021,6300.431,82.2,85.2,79.2
France,FRA,2022,6761.628,82.2,85.1,79.3
France,FRA,2023,7165.712,82.9,85.7,80.0
France,FRA,2024,7433.373,83.0,85.8,80.2
Germany,DEU,2000,2886.244,78.3,81.2,75.1
Germany,DEU,2001,2998.924,78.6,81.4,75.6
Germany,DEU,2002,3227.222,78.6,81.3,75.7
Germany,DEU,2003,3313.961,78.6,81.3,75.8
Germany,DEU,2004,3378.185,79.3,81.9,76.5
Germany,DEU,2005,3416.844,79.4,82.0,76.7
Germany,DEU,2006,3549.342,79.9,82.4,77.2
Germany,DEU,2007,3732.965,80.1,82.7,77.4
Germany,DEU,2008,3936.137,80.2,82.7,77.6
Germany,DEU,2009,4144.834,80.3,82.8,77.8
Germany,DEU,2010,4401.724,80.5,83.0,78.0
Germany,DEU,2011,4547.394,80.6,83.1,77.9
Germany,DEU,2012,4724.81,80.7,83.1,78.1
Germany,DEU,2013,4932.973,80.6,83.0,78.1
Germany,DEU,2014,5132.263,80.9,83.3,78.4
Germany,DEU,2015,5274.178,80.6,83.0,78.1
Germany,DEU,2016,5645.607,80.9,83.3,78.4
Germany,DEU,2017,5940.117,81.0,83.3,78.6
Germany,DEU,2018,6247.099,80.9,83.2,78.5
Germany,DEU,2019,6785.384,81.2,83.6,78.8
Germany,DEU,2020,7362.902,81.0,83.4,78.6
Germany,DEU,2021,8103.429,80.7,83.2,78.2
Germany,DEU,2022,8792.414,80.5,82.9,78.1
Germany,DEU,2023,8927.4,80.9,83.2,78.5
Germany,DEU,2024,9584.343,81.2,83.5,78.9
Greece,GRC,2000,1418.69,78.6,81.3,75.9
Greece,GRC,2001,1701.208,79.1,81.9,76.3
Greece,GRC,2002,1951.129,79.2,82.0,76.4
Greece,GRC,2003,2047.878,79.3,82.0,76.6
Greece,GRC,2004,2100.137,79.4,82.2,76.6
Greece,GRC,2005,2193.594,79.6,82.5,76.8
Greece,GRC,2006,2302.007,79.9,82.7,77.1
Greece,GRC,2007,2425.664,79.7,82.5,76.9
Greece,GRC,2008,2665.467,80.2,83.0,77.5
Greece,GRC,2009,2738.3,80.4,83.3,77.5
Greece,GRC,2010,2604.951,80.6,83.3,78.0
Greece,GRC,2011,2289.591,80.8,83.6,78.0
Greece,GRC,2012,2145.538,80.7,83.4,78.0
Greece,GRC,2013,2093.213,81.4,84.0,78.7
Greece,GRC,2014,2017.812,81.0,83.8,78.2
Greece,GRC,2015,2131.633,80.8,83.5,78.0
Greece,GRC,2016,2269.74,81.0,83.7,78.3
Greece,GRC,2017,2265.007,81.0,83.7,78.3
Greece,GRC,2018,2332.431,81.5,84.2,78.7
Greece,GRC,2019,2505.281,81.4,84.1,78.7
Greece,GRC,2020,2682.375,81.1,83.8,78.4
Greece,GRC,2021,2946.525,80.1,82.9,77.3
Greece,GRC,2022,3240.499,80.8,83.4,78.2
Greece,GRC,2023,3628.243,81.7,84.2,79.1
Greece,GRC,2024,3791.208,81.9,84.4,79.4
Hungary,HUN,2000,907.064,71.9,76.2,67.5
Hungary,HUN,2001,996.194,72.5,76.7,68.2
Hungary,HUN,2002,1167.234,72.6,76.7,68.3
Hungary,HUN,2003,1364.344,72.6,76.7,68.4
Hungary,HUN,2004,1381.043,73.0,77.2,68.7
Hungary,HUN,2005,1463.525,73.0,77.2,68.7
Hungary,HUN,2006,1510.744,73.5,77.8,69.2
Hungary,HUN,2007,1430.16,73.6,77.8,69.4
Hungary,HUN,2008,1492.593,74.2,78.3,70.0
Hungary,HUN,2009,1494.076,74.4,78.4,70.3
Hungary,HUN,2010,1665.151,74.7,78.6,70.7
Hungary,HUN,2011,1755.527,75.1,78.7,71.2
Hungary,HUN,2012,1766.535,75.3,78.7,71.6
Hungary,HUN,2013,1825.334,75.8,79.1,72.2
Hungary,HUN,2014,1870.091,75.8,79.2,72.2
Hungary,HUN,2015,1899.987,75.6,78.8,72.2
Hungary,HUN,2016,2010.802,76.1,79.4,72.5
Hungary,HUN,2017,2011.198,75.9,79.1,72.4
Hungary,HUN,2018,2121.786,76.0,79.4,72.6
Hungary,HUN,2019,2245.498,76.3,79.5,72.9
Hungary,HUN,2020,2615.41,75.5,78.8,72.2
Hungary,HUN,2021,2949.774,74.1,77.6,70.7
Hungary,HUN,2022,3004.874,75.9,79.2,72.6
Hungary,HUN,2023,3161.939,76.7,79.8,73.4
Hungary,HUN,2024,3340.53,76.8,79.9,73.7
Iceland,ISL,2000,2659.447,79.7,81.6,77.8
Iceland,ISL,2001,2751.516,80.7,83.2,78.3
Iceland,ISL,2002,3057.131,80.6,82.5,78.6
Iceland,ISL,2003,3108.905,81.0,82.5,79.5
Iceland,ISL,2004,3261.804,81.1,83.2,78.9
Iceland,ISL,2005,3281.175,81.5,83.5,79.6
Iceland,ISL,2006,3393.064,81.2,82.9,79.5
Iceland,ISL,2007,3560.703,81.5,83.4,79.6
Iceland,ISL,2008,3613.337,81.6,83.3,80.0
Iceland,ISL,2009,3484.825,81.8,83.8,79.8
Iceland,ISL,2010,3262.452,81.9,84.1,79.8
Iceland,ISL,2011,3333.712,82.4,84.1,80.7
Iceland,ISL,2012,3419.828,83.0,84.3,81.6
Iceland,ISL,2013,3519.915,82.1,83.7,80.5
Iceland,ISL,2014,3626.695,82.6,84.1,81.1
Iceland,ISL,2015,3761.82,82.4,83.6,81.1
Iceland,ISL,2016,3967.963,82.1,83.9,80.3
Iceland,ISL,2017,4142.909,82.4,84.1,80.8
Iceland,ISL,2018,4265.976,82.7,84.2,81.1
Iceland,ISL,2019,4634.479,83.0,84.6,81.5
Iceland,ISL,2020,5010.877,82.9,84.4,81.4
Iceland,ISL,2021,5555.612,83.0,84.5,81.6
Iceland,ISL,2022,6137.699,82.2,83.5,80.9
Iceland,ISL,2023,6493.054,82.4,84.1,80.7
Iceland,ISL,2024,7013.286,82.8,84.5,81.1
India,IND,2011,158.472,67.6,69.3,66.1
India,IND,2012,176.841,68.1,69.7,66.5
India,IND,2013,205.737,68.5,70.2,67.0
India,IND,2014,206.21,68.9,70.6,67.4
India,IND,2015,213.143,69.3,70.9,67.8
India,IND,2016,221.081,69.7,71.3,68.2
India,IND,2017,192.395,70.1,71.6,68.6
India,IND,2018,206.502,70.4,72.0,69.0
India,IND,2019,227.761,70.7,72.3,69.3
India,IND,2020,249.68,70.2,71.9,68.5
India,IND,2021,297.297,67.3,68.8,65.9
India,IND,2022,345.052,71.7,73.3,70.2
India,IND,2023,380.42,72.0,73.6,70.5
Indonesia,IDN,2011,268.19,68.6,70.5,66.8
Indonesia,IDN,2012,283.269,68.9,70.7,67.0
Indonesia,IDN,2013,286.337,69.1,71.0,67.2
Indonesia,IDN,2014,304.352,69.3,71.2,67.4
Indonesia,IDN,2015,299.865,69.5,71.5,67.6
Indonesia,IDN,2016,316.748,69.7,71.7,67.8
Indonesia,IDN,2017,306.746,70.0,71.9,68.0
Indonesia,IDN,2018,320.971,70.1,72.1,68.1
Indonesia,IDN,2019,339.788,70.3,72.4,68.3
Indonesia,IDN,2020,401.751,68.8,71.1,66.6
Indonesia,IDN,2021,475.542,67.5,69.4,65.5
Indonesia,IDN,2022,385.633,70.9,73.0,68.9
Indonesia,IDN,2023,416.509,71.1,73.3,69.0
Indonesia,IDN,2024,439.307,71.3,73.4,69.2
Ireland,IRL,2000,1830.142,76.6,79.2,74.0
Ireland,IRL,2001,2134.708,77.2,79.9,74.5
Ireland,IRL,2002,2418.861,77.7,80.4,75.0
Ireland,IRL,2003,2577.823,78.2,80.7,75.7
Ireland,IRL,2004,2803.94,78.6,81.1,76.1
Ireland,IRL,2005,3093.376,79.0,81.3,76.7
Ireland,IRL,2006,3203.321,79.3,81.7,76.9
Ireland,IRL,2007,3384.493,79.7,82.1,77.3
Ireland,IRL,2008,3643.273,80.2,82.4,77.9
Ireland,IRL,2009,3858.953,80.2,82.7,77.8
Ireland,IRL,2010,4048.41,80.8,83.1,78.5
Ireland,IRL,2011,4181.222,80.9,83.0,78.6
Ireland,IRL,2012,4327.311,80.9,83.1,78.7
Ireland,IRL,2013,4257.962,81.0,83.1,78.9
Ireland,IRL,2014,4192.056,81.3,83.3,79.2
Ireland,IRL,2015,4303.342,81.4,83.3,79.5
Ireland,IRL,2016,4556.428,81.6,83.4,79.7
Ireland,IRL,2017,4676.421,82.0,83.8,80.2
Ireland,IRL,2018,4855.401,82.0,83.9,80.2
Ireland,IRL,2019,5183.907,82.5,84.4,80.6
Ireland,IRL,2020,5585.105,82.3,84.1,80.5
Ireland,IRL,2021,6188.965,82.1,84.0,80.3
Ireland,IRL,2022,6863.892,82.4,84.0,80.7
Ireland,IRL,2023,7333.768,82.7,84.5,81.0
Ireland,IRL,2024,7900.295,83.1,84.7,81.4
Israel,ISR,2000,1553.579,78.8,80.9,76.7
Israel,ISR,2001,1655.96,79.3,81.2,77.3
Israel,ISR,2002,1691.502,79.6,81.5,77.5
Israel,ISR,2003,1636.573,79.8,81.8,77.6
Israel,ISR,2004,1709.967,80.3,82.4,78.0
Israel,ISR,2005,1756.34,80.3,82.2,78.2
Israel,ISR,2006,1738.126,80.7,82.5,78.7
Israel,ISR,2007,1849.624,80.7,82.4,78.7
Israel,ISR,2008,1839.047,81.1,83.0,79.0
Israel,ISR,2009,1902.832,81.5,83.3,79.6
Israel,ISR,2010,1971.313,81.7,83.6,79.7
Israel,ISR,2011,2081.778,81.8,83.5,79.9
Israel,ISR,2012,2223.345,81.8,83.6,79.9
Israel,ISR,2013,2238.455,82.1,83.9,80.3
Israel,ISR,2014,2237.584,82.2,84.1,80.3
Israel,ISR,2015,2310.019,82.2,84.1,80.1
Israel,ISR,2016,2524.083,82.5,84.2,80.7
Israel,ISR,2017,2626.181,82.7,84.6,80.6
Israel,ISR,2018,2748.975,82.9,84.8,80.9
Israel,ISR,2019,2811.711,82.9,84.7,81.0
Israel,ISR,2020,3015.382,82.7,84.8,80.6
Israel,ISR,2021,3476.472,82.6,84.6,80.5
Israel,ISR,2022,3724.325,82.8,84.8,80.7
Israel,ISR,2023,4049.04,83.3,85.5,81.0
Israel,ISR,2024,4234.976,83.3,85.4,81.1
Italy,ITA,2000,2030.925,79.9,82.8,76.9
Italy,ITA,2001,2151.969,80.3,83.2,77.2
Italy,ITA,2002,2291.476,80.4,83.2,77.4
Italy,ITA,2003,2285.052,80.1,82.8,77.3
Italy,ITA,2004,2444.214,80.9,83.7,78.0
Italy,ITA,2005,2495.609,80.9,83.6,78.1
Italy,ITA,2006,2649.606,81.4,84.1,78.6
Italy,ITA,2007,2681.262,81.6,84.2,78.8
Italy,ITA,2008,2913.415,81.7,84.2,78.9
Italy,ITA,2009,2917.698,81.8,84.3,79.1
Italy,ITA,2010,3074.38,82.2,84.7,79.5
Italy,ITA,2011,3064.841,82.4,84.8,79.7
Italy,ITA,2012,3059.487,82.4,84.8,79.8
Italy,ITA,2013,3060.035,82.9,85.2,80.3
Italy,ITA,2014,3073.315,82.8,85.0,80.4
Italy,ITA,2015,3125.671,82.4,84.6,80.1
Italy,ITA,2016,3317.723,83.0,85.2,80.7
Italy,ITA,2017,3426.725,82.8,84.9,80.6
Italy,ITA,2018,3529.22,83.1,85.2,80.9
Italy,ITA,2019,3798.028,83.4,85.5,81.2
Italy,ITA,2020,4027.251,82.2,84.5,79.9
Italy,ITA,2021,4408.746,82.6,84.8,80.4
Italy,ITA,2022,4865.044,82.8,84.8,80.6
Italy,ITA,2023,5114.1,83.3,85.3,81.2
Italy,ITA,2024,5337.42,83.7,85.7,81.6
Japan,JPN,2000,1847.781,81.2,84.6,77.7
Japan,JPN,2001,1945.546,81.5,84.9,78.1
Japan,JPN,2002,2065.133,81.8,85.2,78.3
Japan,JPN,2003,2194.413,81.8,85.3,78.4
Japan,JPN,2004,2303.696,82.1,85.6,78.6
Japan,JPN,2005,2471.186,82.0,85.5,78.6
Japan,JPN,2006,2561.207,82.4,85.8,79.0
Japan,JPN,2007,2689.95,82.6,86.0,79.2
Japan,JPN,2008,2799.198,82.7,86.1,79.3
Japan,JPN,2009,2971.376,83.0,86.4,79.6
Japan,JPN,2010,3169.22,82.9,86.3,79.6
Japan,JPN,2011,3740.756,82.7,85.9,79.4
Japan,JPN,2012,3970.765,83.2,86.4,79.9
Japan,JPN,2013,4308.252,83.4,86.6,80.2
Japan,JPN,2014,4328.364,83.7,86.8,80.5
Japan,JPN,2015,4515.556,83.9,87.0,80.8
Japan,JPN,2016,4292.171,84.1,87.1,81.0
Japan,JPN,2017,4405.469,84.2,87.3,81.1
Japan,JPN,2018,4543.305,84.3,87.3,81.3
Japan,JPN,2019,4659.58,84.4,87.4,81.4
Japan,JPN,2020,4858.511,84.6,87.7,81.6
Japan,JPN,2021,5465.04,84.5,87.6,81.5
Japan,JPN,2022,5878.23,84.1,87.1,81.1
Japan,JPN,2023,5963.557,84.1,87.1,81.1
Japan,JPN,2024,5884.151,84.1,87.1,81.1
Korea,KOR,2000,715.918,76.0,79.7,72.3
Korea,KOR,2001,839.131,76.5,80.1,72.9
Korea,KOR,2002,860.521,76.8,80.3,73.4
Korea,KOR,2003,1017.042,77.3,80.8,73.8
Korea,KOR,2004,1080.895,77.8,81.2,74.3
Korea,KOR,2005,1186.364,78.2,81.6,74.9
Korea,KOR,2006,1330.673,78.8,82.1,75.4
Korea,KOR,2007,1448.189,79.2,82.5,75.9
Korea,KOR,2008,1575.668,79.6,83.0,76.2
Korea,KOR,2009,1723.607,80.0,83.4,76.7
Korea,KOR,2010,1917.798,80.2,83.6,76.8
Korea,KOR,2011,2014.281,80.6,84.0,77.3
Korea,KOR,2012,2101.789,80.9,84.2,77.6
Korea,KOR,2013,2163.514,81.4,84.6,78.1
Korea,KOR,2014,2255.9,81.8,85.0,78.6
Korea,KOR,2015,2538.289,82.1,85.2,79.0
Korea,KOR,2016,2689.795,82.4,85.4,79.3
Korea,KOR,2017,2832.054,82.7,85.7,79.7
Korea,KOR,2018,3090.994,82.7,85.7,79.7
Korea,KOR,2019,3374.802,83.3,86.3,80.3
Korea,KOR,2020,3618.078,83.5,86.5,80.5
Korea,KOR,2021,4106.425,83.6,86.6,80.6
Korea,KOR,2022,4714.771,82.7,85.6,79.9
Korea,KOR,2023,4756.55,83.5,86.4,80.6
Korea,KOR,2024,5098.699,83.7,86.6,80.8
Latvia,LVA,2002,573.809,70.2,75.8,64.4
Latvia,LVA,2003,581.771,70.6,75.7,65.3
Latvia,LVA,2004,727.836,70.9,76.0,65.6
Latvia,LVA,2005,782.223,70.6,76.3,64.9
Latvia,LVA,2006,876.563,70.6,76.1,65.0
Latvia,LVA,2007,1007.525,70.8,76.2,65.3
Latvia,LVA,2008,1042.802,72.1,77.5,66.5
Latvia,LVA,2009,956.945,72.8,77.7,67.5
Latvia,LVA,2010,1011.094,73.1,78.0,67.9
Latvia,LVA,2011,1027.427,73.9,78.8,68.6
Latvia,LVA,2012,1086.275,74.1,78.9,68.9
Latvia,LVA,2013,1151.513,74.3,78.9,69.3
Latvia,LVA,2014,1213.991,74.3,79.2,69.1
Latvia,LVA,2015,1319.35,74.7,79.3,69.7
Latvia,LVA,2016,1508.338,74.8,79.4,69.8
Latvia,LVA,2017,1572.717,74.8,79.5,69.8
Latvia,LVA,2018,1860.969,75.0,79.6,70.0
Latvia,LVA,2019,2158.118,75.7,80.0,70.9
Latvia,LVA,2020,2403.416,75.4,79.9,70.6
Latvia,LVA,2021,3495.178,73.2,78.0,68.3
Latvia,LVA,2022,3287.28,74.5,79.4,69.5
Latvia,LVA,2023,3201.524,75.6,80.5,70.5
Latvia,LVA,2024,3643.207,76.4,81.2,71.4
Lithuania,LTU,2000,538.941,72.1,77.4,66.7
Lithuania,LTU,2001,569.435,71.6,77.4,65.9
Lithuania,LTU,2002,647.504,71.8,77.4,66.1
Lithuania,LTU,2003,745.024,72.0,77.7,66.4
Lithuania,LTU,2004,721.435,72.0,77.7,66.2
Lithuania,LTU,2005,825.067,71.2,77.4,65.2
Lithuania,LTU,2006,944.011,71.0,77.1,65.0
Lithuania,LTU,2007,1076.477,70.7,77.2,64.5
Lithuania,LTU,2008,1256.201,71.7,77.6,65.9
Lithuania,LTU,2009,1257.616,72.9,78.7,67.1
Lithuania,LTU,2010,1288.766,73.3,78.9,67.6
Lithuania,LTU,2011,1415.678,73.7,79.3,68.1
Lithuania,LTU,2012,1472.511,74.1,79.6,68.4
Lithuania,LTU,2013,1555.005,74.1,79.6,68.5
Lithuania,LTU,2014,1678.49,74.5,79.8,69.1
Lithuania,LTU,2015,1796.823,74.4,79.5,69.1
Lithuania,LTU,2016,1954.499,74.8,79.9,69.5
Lithuania,LTU,2017,2082.483,75.7,80.3,70.7
Lithuania,LTU,2018,2381.798,75.9,80.5,70.9
Lithuania,LTU,2019,2852.444,76.4,80.9,71.4
Lithuania,LTU,2020,3092.326,75.2,80.0,70.2
Lithuania,LTU,2021,3601.094,74.3,78.9,69.6
Lithuania,LTU,2022,3712.223,75.8,80.1,71.4
Lithuania,LTU,2023,3952.182,77.4,81.7,72.9
Lithuania,LTU,2024,4394.853,77.5,81.6,73.0
Luxembourg,LUX,2000,3412.009,78.0,81.3,74.6
Luxembourg,LUX,2001,3715.042,78.0,80.7,75.1
Luxembourg,LUX,2002,4248.808,78.1,81.5,74.6
Luxembourg,LUX,2003,4409.88,77.9,80.8,74.8
Luxembourg,LUX,2004,4774.515,79.2,82.4,76.0
Luxembourg,LUX,2005,4881.401,79.6,82.3,76.7
Luxembourg,LUX,2006,5151.672,79.4,81.9,76.8
Luxembourg,LUX,2007,5086.957,79.5,82.2,76.7
Luxembourg,LUX,2008,5431.112,80.7,83.1,78.1
Luxembourg,LUX,2009,5715.826,80.8,83.3,78.1
Luxembourg,LUX,2010,5621.517,80.8,83.5,77.9
Luxembourg,LUX,2011,4830.517,81.1,83.6,78.5
Luxembourg,LUX,2012,4424.503,81.5,83.8,79.1
Luxembourg,LUX,2013,4636.665,81.9,83.9,79.8
Luxembourg,LUX,2014,4707.036,81.8,84.5,79.1
Luxembourg,LUX,2015,4692.311,82.0,84.3,79.7
Luxembourg,LUX,2016,4876.34,82.3,84.8,79.8
Luxembourg,LUX,2017,4989.031,81.8,84.0,79.6
Luxembourg,LUX,2018,5292.055,82.1,84.3,79.8
Luxembourg,LUX,2019,5620.701,82.4,84.8,80.0
Luxembourg,LUX,2020,5858.675,82.1,84.4,79.8
Luxembourg,LUX,2021,6432.133,82.5,84.6,80.4
Luxembourg,LUX,2022,7144.535,82.8,85.0,80.6
Luxembourg,LUX,2023,7736.494,83.1,84.8,81.4
Luxembourg,LUX,2024,8183.482,83.2,85.5,81.0
Mexico,MEX,2000,512.304,74.7,77.4,72.0
Mexico,MEX,2001,567.53,75.0,77.7,72.4
Mexico,MEX,2002,596.533,75.1,77.7,72.4
Mexico,MEX,2003,599.528,75.1,77.7,72.4
Mexico,MEX,2004,650.157,75.4,78.0,72.8
Mexico,MEX,2005,665.201,75.2,77.8,72.6
Mexico,MEX,2006,737.937,75.5,78.2,72.9
Mexico,MEX,2007,773.793,75.4,78.0,72.7
Mexico,MEX,2008,820.375,75.2,78.1,72.2
Mexico,MEX,2009,817.986,74.9,77.9,71.9
Mexico,MEX,2010,851.227,74.3,77.2,71.4
Mexico,MEX,2011,892.986,74.8,77.7,71.8
Mexico,MEX,2012,960.4,74.9,77.8,72.0
Mexico,MEX,2013,989.496,75.2,78.0,72.4
Mexico,MEX,2014,975.079,75.1,77.8,72.4
Mexico,MEX,2015,1035.932,75.1,77.8,72.4
Mexico,MEX,2016,1080.954,74.8,77.7,72.0
Mexico,MEX,2017,1067.28,74.8,77.9,72.0
Mexico,MEX,2018,1089.225,74.9,78.0,71.8
Mexico,MEX,2019,1101.894,74.8,78.0,71.8
Mexico,MEX,2020,1184.145,68.9,73.5,64.9
Mexico,MEX,2021,1252.882,68.8,73.1,64.9
Mexico,MEX,2022,1376.689,75.2,78.5,72.1
Mexico,MEX,2023,1520.001,75.3,78.6,72.3
Mexico,MEX,2024,1653.43,75.5,78.9,72.4
Mexico,MEX,2025,1679.779,75.7,79.0,72.6
Netherlands,NLD,2000,2647.971,78.2,80.7,75.6
Netherlands,NLD,2001,2883.556,78.4,80.8,75.8
Netherlands,NLD,2002,3296.97,78.5,80.7,76.0
Netherlands,NLD,2003,3307.608,78.7,81.0,76.3
Netherlands,NLD,2004,3493.656,79.3,81.5,76.9
Netherlands,NLD,2005,3583.435,79.6,81.7,77.2
Netherlands,NLD,2006,3828.004,80.0,82.0,77.7
Netherlands,NLD,2007,4077.206,80.4,82.5,78.1
Netherlands,NLD,2008,4378.362,80.5,82.5,78.4
Netherlands,NLD,2009,4438.013,80.9,82.9,78.7
Netherlands,NLD,2010,4471.687,81.0,83.0,78.9
Netherlands,NLD,2011,4567.378,81.3,83.1,79.4
Netherlands,NLD,2012,4782.333,81.2,83.0,79.3
Netherlands,NLD,2013,4923.912,81.4,83.2,79.5
Netherlands,NLD,2014,4934.568,81.6,83.3,79.9
Netherlands,NLD,2015,4927.104,81.5,83.1,79.7
Netherlands,NLD,2016,5095.836,81.5,83.1,79.9
Netherlands,NLD,2017,5253.774,81.7,83.3,80.1
Netherlands,NLD,2018,5482.27,81.8,83.3,80.2
Netherlands,NLD,2019,5908.388,82.1,83.6,80.5
Netherlands,NLD,2020,6515.942,81.4,83.1,79.7
Netherlands,NLD,2021,7332.629,81.3,83.0,79.7
Netherlands,NLD,2022,7726.056,81.6,83.1,80.1
Netherlands,NLD,2023,8151.366,81.8,83.3,80.3
Netherlands,NLD,2024,8695.625,81.9,83.3,80.5
New Zealand,NZL,2000,1659.525,78.4,80.8,75.9
New Zealand,NZL,2001,1800.582,78.7,81.1,76.3
New Zealand,NZL,2002,1920.964,79.0,81.3,76.7
New Zealand,NZL,2003,1918.176,79.3,81.5,77.0
New Zealand,NZL,2004,2077.661,79.6,81.7,77.4
New Zealand,NZL,2005,2194.439,79.8,81.9,77.7
New Zealand,NZL,2006,2437.757,80.1,82.2,78.0
New Zealand,NZL,2007,2538.863,80.3,82.3,78.2
New Zealand,NZL,2008,2689.369,80.5,82.5,78.4
New Zealand,NZL,2009,2804.479,80.7,82.6,78.7
New Zealand,NZL,2010,2890.593,80.8,82.7,78.9
New Zealand,NZL,2011,3000.08,81.0,82.9,79.1
New Zealand,NZL,2012,3095.458,81.2,83.0,79.3
New Zealand,NZL,2013,3237.704,81.4,83.2,79.5
New Zealand,NZL,2014,3334.7,81.4,83.2,79.6
New Zealand,NZL,2015,3355.062,81.5,83.3,79.7
New Zealand,NZL,2016,3545.639,81.6,83.4,79.8
New Zealand,NZL,2017,3694.968,81.7,83.4,79.9
New Zealand,NZL,2018,3712.001,81.7,83.5,80.0
New Zealand,NZL,2019,4003.766,81.7,83.5,80.0
New Zealand,NZL,2020,4352.668,81.7,83.5,80.0
New Zealand,NZL,2021,4869.351,81.8,83.5,80.1
New Zealand,NZL,2022,6158.614,81.8,83.5,80.1
New Zealand,NZL,2023,6059.011,81.8,83.5,80.1
New Zealand,NZL,2024,6067.146,82.1,83.7,80.4
Norway,NOR,2000,2794.313,78.8,81.5,76.0
Norway,NOR,2001,2938.832,79.0,81.6,76.2
Norway,NOR,2002,3389.226,79.0,81.6,76.4
Norway,NOR,2003,3446.63,79.6,82.1,77.1
Norway,NOR,2004,3654.467,80.1,82.5,77.6
Norway,NOR,2005,3740.873,80.3,82.7,77.8
Norway,NOR,2006,3964.539,80.6,82.9,78.2
Norway,NOR,2007,4312.114,80.6,82.9,78.3
Norway,NOR,2008,4604.504,80.8,83.2,78.4
Norway,NOR,2009,4680.34,81.0,83.2,78.7
Norway,NOR,2010,4774.102,81.2,83.3,79.0
Norway,NOR,2011,4965.184,81.4,83.6,79.1
Norway,NOR,2012,5209.577,81.5,83.5,79.5
Norway,NOR,2013,5485.288,81.8,83.8,79.8
Norway,NOR,2014,5707.159,82.1,84.1,80.0
Norway,NOR,2015,5725.456,82.3,84.2,80.4
Norway,NOR,2016,5902.381,82.4,84.2,80.6
Norway,NOR,2017,6234.379,82.6,84.3,80.9
Norway,NOR,2018,6495.078,82.8,84.5,81.0
Norway,NOR,2019,6907.682,83.0,84.7,81.2
Norway,NOR,2020,7220.869,83.2,84.9,81.5
Norway,NOR,2021,7889.755,83.2,84.7,81.6
Norway,NOR,2022,8641.832,82.6,84.3,80.9
Norway,NOR,2023,9063.33,83.0,84.6,81.4
Norway,NOR,2024,9243.464,83.2,84.8,81.6
Peru,PER,2011,499.857,74.7,77.2,72.2
Peru,PER,2012,548.647,75.0,77.5,72.5
Peru,PER,2013,571.062,75.3,77.8,72.7
Peru,PER,2014,602.092,75.6,78.2,73.0
Peru,PER,2015,605.277,75.9,78.5,73.2
Peru,PER,2016,622.484,76.1,78.8,73.4
Peru,PER,2017,617.645,76.4,79.1,73.6
Peru,PER,2018,678.926,76.6,79.3,73.8
Peru,PER,2019,705.779,76.7,79.4,74.0
Peru,PER,2020,817.119,76.9,79.5,74.1
Peru,PER,2021,1019.918,77.0,79.6,74.3
Peru,PER,2022,1009.963,77.1,79.7,74.4
Peru,PER,2023,960.536,77.2,79.8,74.6
Peru,PER,2024,977.738,77.4,80.0,74.7
Poland,POL,2000,604.26,73.8,78.0,69.6
Poland,POL,2001,668.479,74.2,78.4,70.0
Poland,POL,2002,774.069,74.5,78.8,70.3
Poland,POL,2003,781.282,74.7,78.8,70.5
Poland,POL,2004,837.259,74.9,79.2,70.6
Poland,POL,2005,834.605,75.0,79.3,70.8
Poland,POL,2006,902.988,75.3,79.7,70.9
Poland,POL,2007,1051.012,75.4,79.8,71.0
Poland,POL,2008,1222.748,75.6,80.0,71.3
Poland,POL,2009,1313.749,75.9,80.1,71.5
Poland,POL,2010,1422.504,76.4,80.7,72.2
Poland,POL,2011,1496.615,76.8,81.1,72.5
Poland,POL,2012,1578.599,76.9,81.1,72.6
Poland,POL,2013,1670.783,77.1,81.2,73.0
Poland,POL,2014,1687.056,77.5,81.4,73.6
Poland,POL,2015,1818.883,77.4,81.3,73.4
Poland,POL,2016,1959.094,77.8,81.7,73.8
Poland,POL,2017,2062.735,77.7,81.5,73.8
Poland,POL,2018,2106.662,77.6,81.5,73.7
Poland,POL,2019,2391.57,77.9,81.7,74.0
Poland,POL,2020,2510.275,76.4,80.6,72.4
Poland,POL,2021,2788.216,75.4,79.5,71.5
Poland,POL,2022,3263.279,77.1,81.0,73.2
Poland,POL,2023,3711.453,78.2,81.9,74.5
Poland,POL,2024,4327.855,78.5,82.2,74.8
Portugal,PRT,2000,1646.881,76.8,80.4,73.3
Portugal,PRT,2001,1715.434,77.2,80.7,73.6
Portugal,PRT,2002,1843.474,77.4,80.8,73.9
Portugal,PRT,2003,1926.265,77.5,80.8,74.2
Portugal,PRT,2004,2090.485,78.4,81.8,75.0
Portugal,PRT,2005,2189.523,78.2,81.5,74.9
Portugal,PRT,2006,2246.992,79.0,82.5,75.5
Portugal,PRT,2007,2307.577,79.3,82.5,75.9
Portugal,PRT,2008,2456.767,79.5,82.7,76.2
Portugal,PRT,2009,2524.76,79.7,82.8,76.5
Portugal,PRT,2010,2592.109,80.1,83.2,76.8
Portugal,PRT,2011,2469.995,80.7,83.8,77.3
Portugal,PRT,2012,2435.331,80.6,83.6,77.3
Portugal,PRT,2013,2519.455,80.9,84.0,77.6
Portugal,PRT,2014,2555.043,81.3,84.3,78.1
Portugal,PRT,2015,2653.268,81.3,84.3,78.2
Portugal,PRT,2016,2828.767,81.4,84.3,78.2
Portugal,PRT,2017,2921.627,81.6,84.5,78.5
Portugal,PRT,2018,3145.68,81.6,84.5,78.5
Portugal,PRT,2019,3444.964,82.0,84.8,79.0
Portugal,PRT,2020,3599.297,81.4,84.2,78.4
Portugal,PRT,2021,4208.078,81.4,84.3,78.4
Portugal,PRT,2022,4689.556,81.7,84.4,78.8
Portugal,PRT,2023,5005.462,82.3,85.0,79.4
Portugal,PRT,2024,5374.811,82.5,85.2,79.7
Romania,ROU,2003,399.26,71.0,74.8,67.4
Romania,ROU,2004,482.365,71.4,75.1,67.8
Romania,ROU,2005,505.255,71.9,75.4,68.4
Romania,ROU,2006,539.631,72.5,76.1,69.0
Romania,ROU,2007,635.754,73.1,76.8,69.5
Romania,ROU,2008,778.178,73.5,77.5,69.7
Romania,ROU,2009,799.976,73.7,77.7,69.8
Romania,ROU,2010,919.907,73.7,77.7,70.0
Romania,ROU,2011,794.484,74.4,78.2,70.8
Romania,ROU,2012,835.72,74.4,78.1,70.9
Romania,ROU,2013,969.238,75.1,78.7,71.6
Romania,ROU,2014,988.755,74.9,78.5,71.3
Romania,ROU,2015,1021.293,74.9,78.5,71.3
Romania,ROU,2016,1169.204,75.2,78.9,71.6
Romania,ROU,2017,1326.402,75.2,78.9,71.6
Romania,ROU,2018,1574.858,75.3,79.1,71.6
Romania,ROU,2019,1852.701,75.6,79.4,71.9
Romania,ROU,2020,2076.3,74.1,78.2,70.3
Romania,ROU,2021,2397.014,72.8,76.6,69.2
Romania,ROU,2022,2385.914,75.1,79.1,71.3
Romania,ROU,2023,2711.138,76.3,80.2,72.6
Romania,ROU,2024,3066.539,76.5,80.3,72.8
Slovak Republic,SVK,2000,690.606,73.3,77.5,69.2
Slovak Republic,SVK,2001,758.991,73.6,77.7,69.5
Slovak Republic,SVK,2002,868.625,73.8,77.7,69.8
Slovak Republic,SVK,2003,876.243,73.8,77.7,69.8
Slovak Republic,SVK,2004,1100.297,74.2,78.0,70.3
Slovak Republic,SVK,2005,1191.447,74.1,78.1,70.2
Slovak Republic,SVK,2006,1342.043,74.5,78.4,70.4
Slovak Republic,SVK,2007,1584.545,74.6,78.4,70.6
Slovak Republic,SVK,2008,1687.058,74.9,79.0,70.9
Slovak Republic,SVK,2009,1810.93,75.3,79.1,71.4
Slovak Republic,SVK,2010,2009.976,75.6,79.3,71.8
Slovak Republic,SVK,2011,1974.761,76.1,79.8,72.3
Slovak Republic,SVK,2012,2097.401,76.3,79.9,72.5
Slovak Republic,SVK,2013,2153.698,76.6,80.1,72.9
Slovak Republic,SVK,2014,2010.11,76.9,80.4,73.3
Slovak Republic,SVK,2015,2059.132,76.7,80.1,73.1
Slovak Republic,SVK,2016,2039.611,77.3,80.6,73.8
Slovak Republic,SVK,2017,1974.466,77.3,80.6,73.8
Slovak Republic,SVK,2018,2008.975,77.3,80.7,73.9
Slovak Republic,SVK,2019,2282.531,77.7,81.1,74.3
Slovak Republic,SVK,2020,2448.986,77.0,80.4,73.6
Slovak Republic,SVK,2021,2921.945,74.6,78.2,71.2
Slovak Republic,SVK,2022,3185.926,77.0,80.4,73.6
Slovak Republic,SVK,2023,3484.26,78.1,81.4,74.9
Slovak Republic,SVK,2024,3923.089,78.4,81.7,75.2
Slovenia,SVN,2000,1464.331,76.2,79.9,72.2
Slovenia,SVN,2001,1554.216,76.4,80.4,72.3
Slovenia,SVN,2002,1736.558,76.6,80.5,72.6
Slovenia,SVN,2003,1785.726,76.4,80.3,72.5
Slovenia,SVN,2004,1857.221,77.2,80.8,73.5
Slovenia,SVN,2005,1900.012,77.5,80.9,73.9
Slovenia,SVN,2006,1985.665,78.3,82.0,74.5
Slovenia,SVN,2007,2066.184,78.4,82.0,74.6
Slovenia,SVN,2008,2297.536,79.1,82.6,75.5
Slovenia,SVN,2009,2267.988,79.4,82.7,75.9
Slovenia,SVN,2010,2317.976,79.8,83.1,76.4
Slovenia,SVN,2011,2376.637,80.1,83.3,76.8
Slovenia,SVN,2012,2431.003,80.3,83.3,77.1
Slovenia,SVN,2013,2495.279,80.5,83.6,77.2
Slovenia,SVN,2014,2499.108,80.9,83.7,78.0
Slovenia,SVN,2015,2579.281,80.6,83.5,77.6
Slovenia,SVN,2016,2738.221,81.0,83.9,78.0
Slovenia,SVN,2017,2832.649,80.9,83.7,78.1
Slovenia,SVN,2018,3045.106,81.2,84.0,78.3
Slovenia,SVN,2019,3435.496,81.4,84.3,78.5
Slovenia,SVN,2020,3756.19,80.5,83.4,77.8
Slovenia,SVN,2021,4204.48,80.6,83.7,77.6
Slovenia,SVN,2022,4814.227,81.2,84.0,78.4
Slovenia,SVN,2023,5183.874,81.8,84.7,78.9
Slovenia,SVN,2024,5380.669,82.1,84.7,79.5
South Africa,ZAF,2011,1064.798,60.6,63.1,57.7
South Africa,ZAF,2012,1093.358,61.7,64.4,58.7
South Africa,ZAF,2013,1135.368,62.4,65.2,59.2
South Africa,ZAF,2014,1099.438,63.2,66.2,59.9
South Africa,ZAF,2015,1134.912,64.1,67.0,60.8
South Africa,ZAF,2016,1147.606,64.7,67.9,61.3
South Africa,ZAF,2017,1138.201,65.4,68.6,62.0
South Africa,ZAF,2018,1129.012,65.7,68.9,62.3
South Africa,ZAF,2019,1151.622,66.1,69.2,62.7
South Africa,ZAF,2020,1199.051,65.2,67.9,62.2
South Africa,ZAF,2021,1244.938,62.0,64.8,59.2
South Africa,ZAF,2022,1354.379,65.5,69.0,61.8
South Africa,ZAF,2023,1423.985,66.1,69.6,62.6
Spain,ESP,2000,1524.369,79.3,82.8,75.8
Spain,ESP,2001,1635.854,79.8,83.2,76.3
Spain,ESP,2002,1803.5,79.8,83.3,76.4
Spain,ESP,2003,2023.046,79.7,83.0,76.4
Spain,ESP,2004,2131.152,80.4,83.7,77.0
Spain,ESP,2005,2227.509,80.3,83.6,77.0
Spain,ESP,2006,2408.628,81.1,84.4,77.8
Spain,ESP,2007,2503.294,81.1,84.4,77.9
Spain,ESP,2008,2693.857,81.5,84.6,78.3
Spain,ESP,2009,2769.351,81.9,85.0,78.8
Spain,ESP,2010,2762.449,82.4,85.5,79.2
Spain,ESP,2011,2761.446,82.6,85.6,79.5
Spain,ESP,2012,2760.393,82.5,85.5,79.5
Spain,ESP,2013,2800.97,83.2,86.1,80.2
Spain,ESP,2014,2897.472,82.9,85.6,80.1
Spain,ESP,2015,3064.122,82.7,85.4,79.9
Spain,ESP,2016,3198.021,83.1,85.8,80.2
Spain,ESP,2017,3369.692,83.0,85.7,80.3
Spain,ESP,2018,3480.979,83.1,85.8,80.4
Spain,ESP,2019,3822.099,83.5,86.2,80.8
Spain,ESP,2020,3996.229,82.3,85.0,79.5
Spain,ESP,2021,4405.28,83.0,85.8,80.2
Spain,ESP,2022,4841.01,83.1,85.7,80.3
Spain,ESP,2023,5250.573,83.8,86.3,81.1
Spain,ESP,2024,5349.139,84.0,86.5,81.4
Sweden,SWE,2000,2196.52,79.8,82.0,77.4
Sweden,SWE,2001,2398.57,79.9,82.2,77.6
Sweden,SWE,2002,2634.873,80.0,82.1,77.7
Sweden,SWE,2003,2672.563,80.3,82.5,78.0
Sweden,SWE,2004,2772.509,80.7,82.8,78.4
Sweden,SWE,2005,2810.035,80.7,82.9,78.5
Sweden,SWE,2006,3000.961,81.0,83.1,78.8
Sweden,SWE,2007,3215.033,81.1,83.1,79.0
Sweden,SWE,2008,3402.014,81.3,83.3,79.2
Sweden,SWE,2009,3439.68,81.5,83.5,79.4
Sweden,SWE,2010,3409.541,81.6,83.6,79.6
Sweden,SWE,2011,4468.222,81.9,83.8,79.9
Sweden,SWE,2012,4699.39,81.8,83.6,79.9
Sweden,SWE,2013,4745.65,82.0,83.8,80.2
Sweden,SWE,2014,4884.905,82.2,84.1,80.3
Sweden,SWE,2015,5028.591,82.2,84.0,80.3
Sweden,SWE,2016,5161.533,82.3,84.1,80.6
Sweden,SWE,2017,5248.824,82.4,84.1,80.7
Sweden,SWE,2018,5451.423,82.5,84.3,80.8
Sweden,SWE,2019,5790.793,83.1,84.7,81.3
Sweden,SWE,2020,6067.976,82.4,84.3,80.6
Sweden,SWE,2021,6615.518,83.0,84.8,81.2
Sweden,SWE,2022,7056.99,83.0,84.7,81.3
Sweden,SWE,2023,7654.95,83.2,84.9,81.6
Sweden,SWE,2024,7905.695,83.8,85.3,82.3
Switzerland,CHE,2000,3327.067,80.0,82.8,77.0
Switzerland,CHE,2001,3555.288,80.5,83.2,77.5
Switzerland,CHE,2002,3887.068,80.6,83.2,77.9
Switzerland,CHE,2003,3914.828,80.7,83.2,78.0
Switzerland,CHE,2004,4107.752,81.3,83.8,78.6
Switzerland,CHE,2005,4106.058,81.5,84.0,78.7
Switzerland,CHE,2006,4232.636,81.8,84.2,79.2
Switzerland,CHE,2007,4597.507,82.0,84.4,79.5
Switzerland,CHE,2008,4905.058,82.3,84.6,79.8
Switzerland,CHE,2009,5059.531,82.3,84.6,79.9
Switzerland,CHE,2010,5076.002,82.7,84.9,80.3
Switzerland,CHE,2011,5258.917,82.8,85.0,80.5
Switzerland,CHE,2012,5566.075,82.8,84.9,80.6
Switzerland,CHE,2013,5944.008,82.9,85.0,80.7
Switzerland,CHE,2014,6126.465,83.1,85.1,80.9
Switzerland,CHE,2015,6377.217,82.9,84.9,80.7
Switzerland,CHE,2016,6674.485,83.4,85.2,81.5
Switzerland,CHE,2017,6713.317,83.4,85.4,81.4
Switzerland,CHE,2018,6838.268,83.6,85.4,81.6
Switzerland,CHE,2019,7356.446,83.8,85.6,81.9
Switzerland,CHE,2020,7621.094,83.1,85.1,81.0
Switzerland,CHE,2021,8391.694,83.6,85.6,81.6
Switzerland,CHE,2022,9089.356,83.5,85.4,81.6
Switzerland,CHE,2023,9245.644,84.1,85.8,82.2
Switzerland,CHE,2024,9926.659,84.2,85.9,82.4
Thailand,THA,2011,495.601,75.3,79.2,71.5
Thailand,THA,2012,542.657,75.6,79.7,71.7
Thailand,THA,2013,545.365,76.0,80.1,72.0
Thailand,THA,2014,583.88,76.3,80.5,72.3
Thailand,THA,2015,626.957,76.6,80.9,72.5
Thailand,THA,2016,671.13,76.8,81.1,72.6
Thailand,THA,2017,712.858,77.0,81.4,72.8
Thailand,THA,2018,764.201,77.2,81.6,73.0
Thailand,THA,2019,787.034,77.2,81.8,72.8
Thailand,THA,2020,862.43,77.3,81.9,73.0
Thailand,THA,2021,1077.129,77.6,82.1,73.3
Thailand,THA,2022,1230.245,75.3,79.8,71.0
Thailand,THA,2023,1059.847,76.4,80.9,72.2
Thailand,THA,2024,1107.527,76.6,81.0,72.3
Türkiye,TUR,2000,432.141,71.1,73.1,69.0
Türkiye,TUR,2001,472.976,71.5,73.5,69.4
Türkiye,TUR,2002,519.978,71.9,73.9,69.8
Türkiye,TUR,2003,509.673,72.3,74.4,70.2
Türkiye,TUR,2004,558.553,72.7,74.8,70.6
Türkiye,TUR,2005,588.128,73.1,75.2,71.0
Türkiye,TUR,2006,677.859,73.4,75.6,71.2
Türkiye,TUR,2007,733.393,73.7,75.9,71.4
Türkiye,TUR,2008,807.052,73.9,76.2,71.5
Türkiye,TUR,2009,815.119,74.1,76.5,71.7
Türkiye,TUR,2010,843.709,74.3,76.8,71.8
Türkiye,TUR,2011,888.309,74.6,77.1,72.0
Türkiye,TUR,2012,894.741,74.6,77.2,72.0
Türkiye,TUR,2013,947.74,78.0,80.7,75.3
Türkiye,TUR,2014,1006.772,78.0,80.7,75.3
Türkiye,TUR,2015,1040.373,78.0,80.7,75.3
Türkiye,TUR,2016,1128.754,78.0,80.8,75.3
Türkiye,TUR,2017,1175.655,78.3,81.0,75.6
Türkiye,TUR,2018,1205.305,78.6,81.3,75.9
Türkiye,TUR,2019,1310.831,78.3,81.1,75.6
Türkiye,TUR,2020,1382.389,77.7,80.5,75.0
Türkiye,TUR,2021,1588.325,77.5,80.3,74.8
Türkiye,TUR,2022,1653.818,77.3,80.0,74.7
Türkiye,TUR,2023,2102.528,78.1,80.7,75.5
Ukraine,UKR,2011,679.433,70.7,75.7,65.6
Ukraine,UKR,2012,752.477,71.1,76.0,66.0
Ukraine,UKR,2013,791.043,71.5,76.4,66.3
Ukraine,UKR,2014,800.445,71.8,76.8,66.6
Ukraine,UKR,2015,818.844,72.7,77.5,67.7
Ukraine,UKR,2016,870.686,73.4,78.0,68.5
Ukraine,UKR,2017,910.939,74.0,78.6,69.1
Ukraine,UKR,2018,964.87,73.6,78.3,68.6
Ukraine,UKR,2019,996.136,73.9,78.7,68.9
Ukraine,UKR,2020,1161.109,73.3,78.0,68.3
Ukraine,UKR,2021,1511.5,71.6,76.0,67.1
United Kingdom,GBR,2000,1909.329,77.8,80.2,75.4
United Kingdom,GBR,2001,2114.794,78.0,80.4,75.7
United Kingdom,GBR,2002,2370.239,78.2,80.5,75.8
United Kingdom,GBR,2003,2487.596,78.3,80.5,76.1
United Kingdom,GBR,2004,2756.626,78.8,81.0,76.6
United Kingdom,GBR,2005,2759.466,79.0,81.2,76.9
United Kingdom,GBR,2006,2943.98,79.3,81.5,77.2
United Kingdom,GBR,2007,3095.653,79.5,81.6,77.4
United Kingdom,GBR,2008,3225.398,79.6,81.7,77.6
United Kingdom,GBR,2009,3274.501,80.1,82.2,78.1
United Kingdom,GBR,2010,3406.949,80.4,82.3,78.4
United Kingdom,GBR,2011,3456.35,80.7,82.7,78.8
United Kingdom,GBR,2012,3630.305,80.8,82.7,79.0
United Kingdom,GBR,2013,3690.732,80.9,82.7,79.0
United Kingdom,GBR,2014,3787.138,81.1,83.0,79.2
United Kingdom,GBR,2015,3847.832,80.8,82.7,79.0
United Kingdom,GBR,2016,3997.019,81.0,82.8,79.2
United Kingdom,GBR,2017,4101.825,81.1,82.9,79.2
United Kingdom,GBR,2018,4223.095,81.0,82.9,79.2
United Kingdom,GBR,2019,4572.812,81.3,83.2,79.5
United Kingdom,GBR,2020,5408.519,80.3,82.3,78.3
United Kingdom,GBR,2021,5823.679,80.5,82.5,78.5
United Kingdom,GBR,2022,6274.233,80.9,82.9,79.0
United Kingdom,GBR,2023,6664.45,81.0,82.9,79.0
United Kingdom,GBR,2024,7008.285,81.3,83.3,79.4
United States,USA,2000,4534.731,76.8,79.3,74.1
United States,USA,2001,4886.511,77.0,79.5,74.3
United States,USA,2002,5316.225,77.0,79.6,74.4
United States,USA,2003,5727.067,77.2,79.7,74.5
United States,USA,2004,6069.673,77.6,80.1,75.0
United States,USA,2005,6431.89,77.6,80.1,75.0
United States,USA,2006,6806.112,77.8,80.3,75.2
United States,USA,2007,7163.76,78.1,80.6,75.5
United States,USA,2008,7381.521,78.2,80.6,75.6
United States,USA,2009,7641.851,78.5,80.9,76.0
United States,USA,2010,7875.817,78.7,81.0,76.2
United States,USA,2011,8073.473,78.7,81.1,76.3
United States,USA,2012,8338.512,78.8,81.2,76.4
United States,USA,2013,8512.133,78.8,81.2,76.4
United States,USA,2014,8928.283,78.9,81.3,76.5
United States,USA,2015,9360.445,78.7,81.1,76.3
United States,USA,2016,9727.216,78.7,81.1,76.2
United States,USA,2017,10045.443,78.6,81.1,76.1
United States,USA,2018,10486.068,78.7,81.2,76.2
United States,USA,2019,10922.221,78.8,81.4,76.3
United States,USA,2020,12076.794,77.0,79.9,74.2
United States,USA,2021,12523.743,76.4,79.3,73.5
United States,USA,2022,13061.949,77.5,80.2,74.8
United States,USA,2023,13932.605,78.4,81.1,75.8
United States,USA,2024,14823.139,79.0,81.4,76.5
