Entity,Code,Year,Public health expenditure as a share of GDP
Albania,ALB,2000,2.712
Albania,ALB,2001,2.709
Albania,ALB,2002,2.525
Albania,ALB,2003,2.59
Albania,ALB,2004,2.75
Albania,ALB,2005,2.634
Albania,ALB,2006,2.6
Albania,ALB,2007,2.72
Albania,ALB,2008,2.28
Albania,ALB,2009,2.385
Albania,ALB,2010,2.407
Albania,ALB,2011,2.435
Albania,ALB,2012,2.554
Albania,ALB,2013,2.612
Albania,ALB,2014,2.597
Albania,ALB,2015,2.716
Albania,ALB,2016,2.874
Albania,ALB,2017,2.744
Albania,ALB,2018,2.845
Albania,ALB,2019,2.939
Albania,ALB,2020,3.015
Albania,ALB,2021,2.935
Albania,ALB,2022,3.773
Albania,ALB,2023,3.558
Argentina,ARG,1880,0
Argentina,ARG,1890,0
Argentina,ARG,1900,0
Argentina,ARG,1910,0
Argentina,ARG,1920,0
Argentina,ARG,1930,0
Argentina,ARG,2000,4.499
Argentina,ARG,2001,4.492
Argentina,ARG,2002,3.951
Argentina,ARG,2003,3.784
Argentina,ARG,2004,3.861
Argentina,ARG,2005,4.016
Argentina,ARG,2006,4.066
Argentina,ARG,2007,4.262
Argentina,ARG,2008,4.545
Argentina,ARG,2009,5.763
Argentina,ARG,2010,5.589
Argentina,ARG,2011,5.758
Argentina,ARG,2012,6.179
Argentina,ARG,2013,6.338
Argentina,ARG,2014,6.44
Argentina,ARG,2015,6.832
Argentina,ARG,2016,6.605
Argentina,ARG,2017,6.74
Argentina,ARG,2018,6.151
Argentina,ARG,2019,6.245
Argentina,ARG,2020,7.078
Argentina,ARG,2021,6.522
Argentina,ARG,2022,6.097
Argentina,ARG,2023,6.257
Australia,AUS,1880,0
Australia,AUS,1890,0
Australia,AUS,1900,0
Australia,AUS,1910,0.38
Australia,AUS,1920,0.57
Australia,AUS,1930,0.44
Australia,AUS,1960,1.9166641
Australia,AUS,1961,2.0898583
Australia,AUS,1962,2.234297
Australia,AUS,1963,2.1419902
Australia,AUS,1964,2.148519
Australia,AUS,1965,2.2249215
Australia,AUS,1966,2.1785562
Australia,AUS,1967,2.0184858
Australia,AUS,1968,2.1883707
Australia,AUS,1969,2.3028467
Australia,AUS,1970,2.6178968
Australia,AUS,1971,2.781
Australia,AUS,1972,2.758
Australia,AUS,1973,2.735
Australia,AUS,1974,3.117
Australia,AUS,1975,4.194
Australia,AUS,1976,3.82
Australia,AUS,1977,3.682
Australia,AUS,1978,3.675
Australia,AUS,1979,3.581
Australia,AUS,1980,3.657
Australia,AUS,1981,3.568
Australia,AUS,1982,3.589
Australia,AUS,1983,3.796
Australia,AUS,1984,4.291
Australia,AUS,1985,4.33
Australia,AUS,1986,4.394
Australia,AUS,1987,4.268
Australia,AUS,1988,4.123
Australia,AUS,1989,4.111
Australia,AUS,1990,4.275
Australia,AUS,1991,4.459
Australia,AUS,1992,4.489
Australia,AUS,1993,4.488
Australia,AUS,1994,4.496
Australia,AUS,1995,4.583
Australia,AUS,1996,4.637
Australia,AUS,1997,4.754
Australia,AUS,1998,4.888
Australia,AUS,1999,5.089
Australia,AUS,2000,5.179
Australia,AUS,2001,5.191
Australia,AUS,2002,5.393
Australia,AUS,2003,5.351
Australia,AUS,2004,5.515
Australia,AUS,2005,5.439
Australia,AUS,2006,5.435
Australia,AUS,2007,5.568
Australia,AUS,2008,5.672
Australia,AUS,2009,5.901
Australia,AUS,2010,5.761
Australia,AUS,2011,5.887
Australia,AUS,2012,5.831
Australia,AUS,2013,5.658
Australia,AUS,2014,6.613
Australia,AUS,2015,6.948
Australia,AUS,2016,6.944
Australia,AUS,2017,6.979
Australia,AUS,2018,6.968
Australia,AUS,2019,7.322
Australia,AUS,2020,7.65
Australia,AUS,2021,7.754
Australia,AUS,2022,7.179
Australia,AUS,2023,7.507
Australia,AUS,2024,7.882
Australia,AUS,2025,8.15
Austria,AUT,1880,0
Austria,AUT,1890,0
Austria,AUT,1900,0
Austria,AUT,1910,0
Austria,AUT,1920,0
Austria,AUT,1930,0
Austria,AUT,1960,2.6429722
Austria,AUT,1961,2.667932
Austria,AUT,1962,2.7112975
Austria,AUT,1963,2.7858238
Austria,AUT,1964,2.7342644
Austria,AUT,1965,2.8469203
Austria,AUT,1966,2.885803
Austria,AUT,1967,3.1053548
Austria,AUT,1968,3.0026376
Austria,AUT,1969,3.1870866
Austria,AUT,1970,2.955
Austria,AUT,1971,2.933
Austria,AUT,1972,2.921
Austria,AUT,1973,2.981
Austria,AUT,1974,3.233
Austria,AUT,1975,4.431
Austria,AUT,1976,4.604
Austria,AUT,1977,4.586
Austria,AUT,1978,4.745
Austria,AUT,1979,4.628
Austria,AUT,1980,4.739
Austria,AUT,1981,4.482
Austria,AUT,1982,4.444
Austria,AUT,1983,4.356
Austria,AUT,1984,4.361
Austria,AUT,1985,4.499
Austria,AUT,1986,4.583
Austria,AUT,1987,4.798
Austria,AUT,1988,4.762
Austria,AUT,1989,4.733
Austria,AUT,1990,5.763
Austria,AUT,1991,5.814
Austria,AUT,1992,6.072
Austria,AUT,1993,6.492
Austria,AUT,1994,6.855
Austria,AUT,1995,6.84
Austria,AUT,1996,6.812
Austria,AUT,1997,6.827
Austria,AUT,1998,6.948
Austria,AUT,1999,7.076
Austria,AUT,2000,6.994
Austria,AUT,2001,6.986
Austria,AUT,2002,7.086
Austria,AUT,2003,7.149
Austria,AUT,2004,7.189
Austria,AUT,2005,7.18
Austria,AUT,2006,7.161
Austria,AUT,2007,7.139
Austria,AUT,2008,7.353
Austria,AUT,2009,7.74
Austria,AUT,2010,7.682
Austria,AUT,2011,7.539
Austria,AUT,2012,7.676
Austria,AUT,2013,7.684
Austria,AUT,2014,7.755
Austria,AUT,2015,7.741
Austria,AUT,2016,7.715
Austria,AUT,2017,7.738
Austria,AUT,2018,7.776
Austria,AUT,2019,7.906
Austria,AUT,2020,8.72
Austria,AUT,2021,9.473
Austria,AUT,2022,8.639
Austria,AUT,2023,8.512
Austria,AUT,2024,8.863
Austria,AUT,2025,9.018
Belgium,BEL,1880,0.06
Belgium,BEL,1890,0.11
Belgium,BEL,1900,0.12
Belgium,BEL,1910,0.18
Belgium,BEL,1920,0.21
Belgium,BEL,1930,0.09
Belgium,BEL,1992,5.665
Belgium,BEL,1993,5.701
Belgium,BEL,1994,5.502
Belgium,BEL,1995,5.774
Belgium,BEL,1996,6.109
Belgium,BEL,1997,5.785
Belgium,BEL,1998,5.833
Belgium,BEL,1999,5.938
Belgium,BEL,2000,5.968
Belgium,BEL,2001,6.146
Belgium,BEL,2002,6.139
Belgium,BEL,2003,6.783
Belgium,BEL,2004,6.986
Belgium,BEL,2005,6.889
Belgium,BEL,2006,6.801
Belgium,BEL,2007,6.769
Belgium,BEL,2008,7.261
Belgium,BEL,2009,7.838
Belgium,BEL,2010,7.768
Belgium,BEL,2011,7.826
Belgium,BEL,2012,7.986
Belgium,BEL,2013,7.992
Belgium,BEL,2014,8.028
Belgium,BEL,2015,8.259
Belgium,BEL,2016,8.299
Belgium,BEL,2017,8.303
Belgium,BEL,2018,8.317
Belgium,BEL,2019,8.07
Belgium,BEL,2020,8.713
Belgium,BEL,2021,8.48
Belgium,BEL,2022,7.992
Belgium,BEL,2023,7.885
Belgium,BEL,2024,8.128
Belgium,BEL,2025,8.22
Bosnia and Herzegovina,BIH,2000,4.076
Bosnia and Herzegovina,BIH,2001,4.33
Bosnia and Herzegovina,BIH,2002,4.422
Bosnia and Herzegovina,BIH,2003,5.479
Bosnia and Herzegovina,BIH,2004,5.162
Bosnia and Herzegovina,BIH,2005,4.814
Bosnia and Herzegovina,BIH,2006,4.864
Bosnia and Herzegovina,BIH,2007,5.124
Bosnia and Herzegovina,BIH,2008,5.306
Bosnia and Herzegovina,BIH,2009,6.167
Bosnia and Herzegovina,BIH,2010,6.252
Bosnia and Herzegovina,BIH,2011,6.384
Bosnia and Herzegovina,BIH,2012,6.621
Bosnia and Herzegovina,BIH,2013,6.669
Bosnia and Herzegovina,BIH,2014,6.707
Bosnia and Herzegovina,BIH,2015,6.553
Bosnia and Herzegovina,BIH,2016,6.497
Bosnia and Herzegovina,BIH,2017,6.218
Bosnia and Herzegovina,BIH,2018,6.158
Bosnia and Herzegovina,BIH,2019,6.272
Bosnia and Herzegovina,BIH,2020,6.874
Bosnia and Herzegovina,BIH,2021,6.59
Bosnia and Herzegovina,BIH,2022,5.988
Bosnia and Herzegovina,BIH,2023,6.118
Bosnia and Herzegovina,BIH,2024,6.134
Brazil,BRA,1880,0
Brazil,BRA,1890,0
Brazil,BRA,1900,0
Brazil,BRA,1910,0
Brazil,BRA,1920,0
Brazil,BRA,1930,0
Brazil,BRA,2000,3.47
Brazil,BRA,2001,3.513
Brazil,BRA,2002,3.686
Brazil,BRA,2003,3.51
Brazil,BRA,2004,3.467
Brazil,BRA,2005,3.345
Brazil,BRA,2006,3.542
Brazil,BRA,2007,3.485
Brazil,BRA,2008,3.505
Brazil,BRA,2009,3.708
Brazil,BRA,2010,3.577
Brazil,BRA,2011,3.467
Brazil,BRA,2012,3.356
Brazil,BRA,2013,3.556
Brazil,BRA,2014,3.709
Brazil,BRA,2015,3.861
Brazil,BRA,2016,3.952
Brazil,BRA,2017,3.96
Brazil,BRA,2018,3.897
Brazil,BRA,2019,3.93
Brazil,BRA,2020,4.18
Brazil,BRA,2021,4.317
Brazil,BRA,2022,4.26
Bulgaria,BGR,1880,0
Bulgaria,BGR,1890,0
Bulgaria,BGR,1900,0
Bulgaria,BGR,1910,0
Bulgaria,BGR,1920,0
Bulgaria,BGR,1930,0.01
Bulgaria,BGR,2003,4.393
Bulgaria,BGR,2004,4.117
Bulgaria,BGR,2005,4.128
Bulgaria,BGR,2006,3.659
Bulgaria,BGR,2007,3.457
Bulgaria,BGR,2008,3.532
Bulgaria,BGR,2009,3.583
Bulgaria,BGR,2010,3.932
Bulgaria,BGR,2011,3.86
Bulgaria,BGR,2012,3.845
Bulgaria,BGR,2013,4.056
Bulgaria,BGR,2014,4.493
Bulgaria,BGR,2015,4.15
Bulgaria,BGR,2016,4.129
Bulgaria,BGR,2017,4.224
Bulgaria,BGR,2018,4.347
Bulgaria,BGR,2019,4.321
Bulgaria,BGR,2020,5.332
Bulgaria,BGR,2021,5.576
Bulgaria,BGR,2022,4.853
Bulgaria,BGR,2023,5
Bulgaria,BGR,2024,5.504
Canada,CAN,1880,0
Canada,CAN,1890,0
Canada,CAN,1900,0
Canada,CAN,1910,0
Canada,CAN,1920,0.01
Canada,CAN,1930,0.02
Canada,CAN,1960,2.0727615
Canada,CAN,1965,2.7635906
Canada,CAN,1970,4.406
Canada,CAN,1971,4.79
Canada,CAN,1972,4.774
Canada,CAN,1973,4.555
Canada,CAN,1974,4.568
Canada,CAN,1975,4.971
Canada,CAN,1976,5.032
Canada,CAN,1977,4.989
Canada,CAN,1978,4.946
Canada,CAN,1979,4.823
Canada,CAN,1980,4.975
Canada,CAN,1981,5.167
Canada,CAN,1982,5.756
Canada,CAN,1983,5.883
Canada,CAN,1984,5.748
Canada,CAN,1985,5.712
Canada,CAN,1986,5.854
Canada,CAN,1987,5.803
Canada,CAN,1988,5.779
Canada,CAN,1989,5.921
Canada,CAN,1990,6.212
Canada,CAN,1991,6.723
Canada,CAN,1992,6.867
Canada,CAN,1993,6.651
Canada,CAN,1994,6.316
Canada,CAN,1995,6.053
Canada,CAN,1996,5.881
Canada,CAN,1997,5.802
Canada,CAN,1998,6.004
Canada,CAN,1999,5.81
Canada,CAN,2000,5.771
Canada,CAN,2001,6.012
Canada,CAN,2002,6.135
Canada,CAN,2003,6.303
Canada,CAN,2004,6.335
Canada,CAN,2005,6.312
Canada,CAN,2006,6.49
Canada,CAN,2007,6.577
Canada,CAN,2008,6.703
Canada,CAN,2009,7.526
Canada,CAN,2010,7.486
Canada,CAN,2011,7.316
Canada,CAN,2012,7.421
Canada,CAN,2013,7.385
Canada,CAN,2014,7.259
Canada,CAN,2015,7.612
Canada,CAN,2016,7.707
Canada,CAN,2017,7.587
Canada,CAN,2018,7.582
Canada,CAN,2019,7.66
Canada,CAN,2020,9.592
Canada,CAN,2021,8.984
Canada,CAN,2022,7.819
Canada,CAN,2023,8.006
Canada,CAN,2024,8.137
Canada,CAN,2025,8.082
Chile,CHL,2000,3.733
Chile,CHL,2001,3.742
Chile,CHL,2002,3.807
Chile,CHL,2003,3.786
Chile,CHL,2004,3.662
Chile,CHL,2005,3.506
Chile,CHL,2006,3.285
Chile,CHL,2007,3.416
Chile,CHL,2008,3.801
Chile,CHL,2009,4.234
Chile,CHL,2010,4.025
Chile,CHL,2011,4.043
Chile,CHL,2012,4.211
Chile,CHL,2013,4.437
Chile,CHL,2014,4.622
Chile,CHL,2015,4.906
Chile,CHL,2016,5.006
Chile,CHL,2017,5.468
Chile,CHL,2018,5.568
Chile,CHL,2019,5.703
Chile,CHL,2020,6.331
Chile,CHL,2021,5.881
Chile,CHL,2022,5.803
Chile,CHL,2023,6.029
Chile,CHL,2024,5.924
Chile,CHL,2025,5.883
China,CHN,2000,0.976
China,CHN,2001,0.959
China,CHN,2002,1.095
China,CHN,2003,1.233
China,CHN,2004,1.276
China,CHN,2005,1.352
China,CHN,2006,1.371
China,CHN,2007,1.415
China,CHN,2008,1.703
China,CHN,2009,2.107
China,CHN,2010,2.14
China,CHN,2011,2.278
China,CHN,2012,2.505
China,CHN,2013,2.657
China,CHN,2014,2.752
China,CHN,2015,2.928
China,CHN,2016,2.835
China,CHN,2017,2.809
China,CHN,2018,2.862
China,CHN,2019,2.957
China,CHN,2020,3.038
China,CHN,2021,2.844
China,CHN,2022,3.391
China,CHN,2023,3.394
Colombia,COL,2000,4.312
Colombia,COL,2001,4.577
Colombia,COL,2002,4.495
Colombia,COL,2003,4.608
Colombia,COL,2004,4.407
Colombia,COL,2005,4.499
Colombia,COL,2006,4.712
Colombia,COL,2007,4.749
Colombia,COL,2008,4.911
Colombia,COL,2009,5.438
Colombia,COL,2010,5.29
Colombia,COL,2011,5.15
Colombia,COL,2012,4.984
Colombia,COL,2013,5.304
Colombia,COL,2014,5.474
Colombia,COL,2015,5.741
Colombia,COL,2016,5.731
Colombia,COL,2017,5.882
Colombia,COL,2018,5.905
Colombia,COL,2019,5.994
Colombia,COL,2020,6.73
Colombia,COL,2021,7.173
Colombia,COL,2022,5.84
Colombia,COL,2023,6.243
Colombia,COL,2024,6.535
Colombia,COL,2025,6.504
Costa Rica,CRI,2004,4.431
Costa Rica,CRI,2005,4.321
Costa Rica,CRI,2006,4.641
Costa Rica,CRI,2007,4.685
Costa Rica,CRI,2008,5.121
Costa Rica,CRI,2009,5.638
Costa Rica,CRI,2010,5.871
Costa Rica,CRI,2011,5.919
Costa Rica,CRI,2012,5.766
Costa Rica,CRI,2013,5.751
Costa Rica,CRI,2014,5.59
Costa Rica,CRI,2015,5.682
Costa Rica,CRI,2016,5.494
Costa Rica,CRI,2017,5.282
Costa Rica,CRI,2018,5.379
Costa Rica,CRI,2019,5.339
Costa Rica,CRI,2020,5.931
Costa Rica,CRI,2021,5.689
Costa Rica,CRI,2022,5.209
Costa Rica,CRI,2023,4.862
Costa Rica,CRI,2024,4.802
Costa Rica,CRI,2025,4.709
Croatia,HRV,2003,5.189
Croatia,HRV,2004,5.261
Croatia,HRV,2005,5.878
Croatia,HRV,2006,5.922
Croatia,HRV,2007,6.405
Croatia,HRV,2008,6.481
Croatia,HRV,2009,6.839
Croatia,HRV,2010,6.793
Croatia,HRV,2011,5.922
Croatia,HRV,2012,6.05
Croatia,HRV,2013,5.409
Croatia,HRV,2014,5.445
Croatia,HRV,2015,5.5
Croatia,HRV,2016,5.522
Croatia,HRV,2017,5.471
Croatia,HRV,2018,5.505
Croatia,HRV,2019,5.559
Croatia,HRV,2020,6.469
Croatia,HRV,2021,6.911
Croatia,HRV,2022,6.228
Croatia,HRV,2023,5.902
Croatia,HRV,2024,6.414
Cyprus,CYP,2003,2.496
Cyprus,CYP,2004,2.248
Cyprus,CYP,2005,2.244
Cyprus,CYP,2006,2.336
Cyprus,CYP,2007,2.301
Cyprus,CYP,2008,2.528
Cyprus,CYP,2009,2.778
Cyprus,CYP,2010,2.999
Cyprus,CYP,2011,3.077
Cyprus,CYP,2012,3.029
Cyprus,CYP,2013,3.193
Cyprus,CYP,2014,2.984
Cyprus,CYP,2015,2.862
Cyprus,CYP,2016,2.787
Cyprus,CYP,2017,2.748
Cyprus,CYP,2018,2.851
Cyprus,CYP,2019,3.793
Cyprus,CYP,2020,6.193
Cyprus,CYP,2021,7.006
Cyprus,CYP,2022,6.31
Cyprus,CYP,2023,6.049
Cyprus,CYP,2024,6.342
Czechia,CZE,1990,3.578
Czechia,CZE,1991,3.677
Czechia,CZE,1992,3.736
Czechia,CZE,1993,4.967
Czechia,CZE,1994,5.059
Czechia,CZE,1995,5.079
Czechia,CZE,1996,4.979
Czechia,CZE,1997,4.973
Czechia,CZE,1998,4.978
Czechia,CZE,1999,5.16
Czechia,CZE,2000,5.091
Czechia,CZE,2001,5.214
Czechia,CZE,2002,5.532
Czechia,CZE,2003,5.812
Czechia,CZE,2004,5.623
Czechia,CZE,2005,5.502
Czechia,CZE,2006,5.321
Czechia,CZE,2007,5.073
Czechia,CZE,2008,5.204
Czechia,CZE,2009,6.05
Czechia,CZE,2010,6.376
Czechia,CZE,2011,6.344
Czechia,CZE,2012,6.406
Czechia,CZE,2013,6.316
Czechia,CZE,2014,6.357
Czechia,CZE,2015,6.178
Czechia,CZE,2016,6.213
Czechia,CZE,2017,6.146
Czechia,CZE,2018,6.266
Czechia,CZE,2019,6.355
Czechia,CZE,2020,7.915
Czechia,CZE,2021,7.941
Czechia,CZE,2022,7.198
Czechia,CZE,2023,7.085
Czechia,CZE,2024,7.397
Czechia,CZE,2025,7.649
Denmark,DNK,1880,0.1
Denmark,DNK,1890,0.28
Denmark,DNK,1900,0.46
Denmark,DNK,1910,0.44
Denmark,DNK,1920,1.15
Denmark,DNK,1930,0.7
Denmark,DNK,1960,3.7779648
Denmark,DNK,1961,4.2572722
Denmark,DNK,1962,4.437101
Denmark,DNK,1963,4.635774
Denmark,DNK,1964,4.555899
Denmark,DNK,1965,4.86696
Denmark,DNK,1966,5.321642
Denmark,DNK,1967,5.8131256
Denmark,DNK,1968,6.1344647
Denmark,DNK,1969,6.348674
Denmark,DNK,1970,6.1169844
Denmark,DNK,1971,6.422
Denmark,DNK,1972,6.527
Denmark,DNK,1973,6.361
Denmark,DNK,1974,7.057
Denmark,DNK,1975,7.302
Denmark,DNK,1976,7.353
Denmark,DNK,1977,7.153
Denmark,DNK,1978,7.281
Denmark,DNK,1979,7.435
Denmark,DNK,1980,7.377
Denmark,DNK,1981,7.532
Denmark,DNK,1982,7.552
Denmark,DNK,1983,7.293
Denmark,DNK,1984,6.832
Denmark,DNK,1985,6.777
Denmark,DNK,1986,6.527
Denmark,DNK,1987,6.772
Denmark,DNK,1988,6.899
Denmark,DNK,1989,6.759
Denmark,DNK,1990,6.623
Denmark,DNK,1991,6.609
Denmark,DNK,1992,6.59
Denmark,DNK,1993,6.824
Denmark,DNK,1994,6.608
Denmark,DNK,1995,6.379
Denmark,DNK,1996,6.425
Denmark,DNK,1997,6.342
Denmark,DNK,1998,6.122
Denmark,DNK,1999,6.94
Denmark,DNK,2000,6.74
Denmark,DNK,2001,7.043
Denmark,DNK,2002,7.287
Denmark,DNK,2003,7.46
Denmark,DNK,2004,7.507
Denmark,DNK,2005,7.593
Denmark,DNK,2006,7.676
Denmark,DNK,2007,7.787
Denmark,DNK,2008,7.955
Denmark,DNK,2009,8.977
Denmark,DNK,2010,8.912
Denmark,DNK,2011,8.708
Denmark,DNK,2012,8.871
Denmark,DNK,2013,8.679
Denmark,DNK,2014,8.692
Denmark,DNK,2015,8.726
Denmark,DNK,2016,8.641
Denmark,DNK,2017,8.491
Denmark,DNK,2018,8.494
Denmark,DNK,2019,8.526
Denmark,DNK,2020,9.018
Denmark,DNK,2021,9.055
Denmark,DNK,2022,8.036
Denmark,DNK,2023,7.962
Denmark,DNK,2024,7.935
Denmark,DNK,2025,7.921
Estonia,EST,1999,4.366
Estonia,EST,2000,3.974
Estonia,EST,2001,3.749
Estonia,EST,2002,3.6
Estonia,EST,2003,3.914
Estonia,EST,2004,3.972
Estonia,EST,2005,3.942
Estonia,EST,2006,3.742
Estonia,EST,2007,3.92
Estonia,EST,2008,4.549
Estonia,EST,2009,5.271
Estonia,EST,2010,4.975
Estonia,EST,2011,4.586
Estonia,EST,2012,4.567
Estonia,EST,2013,4.623
Estonia,EST,2014,4.686
Estonia,EST,2015,4.871
Estonia,EST,2016,4.904
Estonia,EST,2017,4.758
Estonia,EST,2018,4.835
Estonia,EST,2019,4.949
Estonia,EST,2020,5.761
Estonia,EST,2021,5.691
Estonia,EST,2022,5.211
Estonia,EST,2023,5.641
Estonia,EST,2024,6.097
Estonia,EST,2025,6.121
Finland,FIN,1880,0.23
Finland,FIN,1890,0.34
Finland,FIN,1900,0.35
Finland,FIN,1910,0.38
Finland,FIN,1920,0.19
Finland,FIN,1930,1.28
Finland,FIN,1960,1.7948552
Finland,FIN,1961,1.8135746
Finland,FIN,1962,1.9817758
Finland,FIN,1963,2.1177485
Finland,FIN,1964,2.3127785
Finland,FIN,1965,2.7386315
Finland,FIN,1966,2.9304035
Finland,FIN,1967,3.3974204
Finland,FIN,1968,3.5401022
Finland,FIN,1969,3.6067283
Finland,FIN,1970,3.555
Finland,FIN,1971,3.756
Finland,FIN,1972,3.754
Finland,FIN,1973,3.757
Finland,FIN,1974,3.764
Finland,FIN,1975,4.349
Finland,FIN,1976,4.605
Finland,FIN,1977,4.793
Finland,FIN,1978,4.697
Finland,FIN,1979,4.619
Finland,FIN,1980,4.611
Finland,FIN,1981,4.743
Finland,FIN,1982,4.832
Finland,FIN,1983,4.837
Finland,FIN,1984,4.839
Finland,FIN,1985,5.167
Finland,FIN,1986,5.297
Finland,FIN,1987,5.428
Finland,FIN,1988,5.263
Finland,FIN,1989,5.334
Finland,FIN,1990,5.802
Finland,FIN,1991,6.68
Finland,FIN,1992,6.725
Finland,FIN,1993,5.91
Finland,FIN,1994,5.455
Finland,FIN,1995,5.244
Finland,FIN,1996,5.321
Finland,FIN,1997,5.091
Finland,FIN,1998,4.912
Finland,FIN,1999,4.842
Finland,FIN,2000,5.259
Finland,FIN,2001,5.408
Finland,FIN,2002,5.731
Finland,FIN,2003,5.992
Finland,FIN,2004,6.127
Finland,FIN,2005,6.313
Finland,FIN,2006,6.403
Finland,FIN,2007,6.24
Finland,FIN,2008,6.456
Finland,FIN,2009,7.102
Finland,FIN,2010,7.047
Finland,FIN,2011,7.171
Finland,FIN,2012,7.519
Finland,FIN,2013,7.674
Finland,FIN,2014,7.67
Finland,FIN,2015,7.463
Finland,FIN,2016,7.208
Finland,FIN,2017,7.024
Finland,FIN,2018,7.006
Finland,FIN,2019,7.182
Finland,FIN,2020,7.669
Finland,FIN,2021,7.844
Finland,FIN,2022,7.753
Finland,FIN,2023,8.482
Finland,FIN,2024,8.585
Finland,FIN,2025,8.485
France,FRA,1880,0.25
France,FRA,1890,0.29
France,FRA,1900,0.27
France,FRA,1910,0.26
France,FRA,1920,0.23
France,FRA,1930,0.32
France,FRA,1960,2.2093697
France,FRA,1961,2.473459
France,FRA,1962,2.7171729
France,FRA,1963,2.9260416
France,FRA,1964,3.1200695
France,FRA,1965,3.20537
France,FRA,1966,3.3684025
France,FRA,1967,3.476284
France,FRA,1968,3.3607085
France,FRA,1969,3.6741595
France,FRA,1970,3.924
France,FRA,1971,4.073058
France,FRA,1972,4.2069397
France,FRA,1973,4.220465
France,FRA,1974,4.308375
France,FRA,1975,4.817
France,FRA,1976,4.7943826
France,FRA,1977,4.873425
France,FRA,1978,5.0955524
France,FRA,1979,5.22905
France,FRA,1980,5.431
France,FRA,1981,5.6425414
France,FRA,1982,5.6833887
France,FRA,1983,5.733921
France,FRA,1984,5.937121
France,FRA,1985,6.051
France,FRA,1986,5.8425064
France,FRA,1987,5.8547573
France,FRA,1988,5.7724414
France,FRA,1989,5.8784146
France,FRA,1990,6.132
France,FRA,1991,6.268
France,FRA,1992,6.465
France,FRA,1993,6.759
France,FRA,1994,6.695
France,FRA,1995,7.847
France,FRA,1996,7.842
France,FRA,1997,7.738
France,FRA,1998,7.659
France,FRA,1999,7.656
France,FRA,2000,7.586
France,FRA,2001,7.7
France,FRA,2002,7.983
France,FRA,2003,7.984
France,FRA,2004,8.045
France,FRA,2005,8.055
France,FRA,2006,8.03
France,FRA,2007,7.96
France,FRA,2008,8.042
France,FRA,2009,8.639
France,FRA,2010,8.225
France,FRA,2011,8.16
France,FRA,2012,8.256
France,FRA,2013,8.386
France,FRA,2014,8.469
France,FRA,2015,8.425
France,FRA,2016,9.196
France,FRA,2017,9.131
France,FRA,2018,9.035
France,FRA,2019,8.946
France,FRA,2020,9.879
France,FRA,2021,10.048
France,FRA,2022,9.732
France,FRA,2023,9.439
France,FRA,2024,9.436
France,FRA,2025,9.444
Georgia,GEO,2000,0.789
Georgia,GEO,2001,1.135
Georgia,GEO,2002,1.122
Georgia,GEO,2003,1.147
Georgia,GEO,2004,1.198
Georgia,GEO,2005,1.314
Georgia,GEO,2006,1.206
Georgia,GEO,2007,1.122
Georgia,GEO,2008,1.224
Georgia,GEO,2009,1.228
Georgia,GEO,2010,1.138
Georgia,GEO,2011,0.927
Georgia,GEO,2012,0.971
Georgia,GEO,2013,0.988
Georgia,GEO,2014,1.895
Georgia,GEO,2015,2.547
Georgia,GEO,2016,2.897
Georgia,GEO,2017,2.6
Georgia,GEO,2018,2.654
Georgia,GEO,2019,2.589
Georgia,GEO,2020,3.542
Georgia,GEO,2021,4.341
Georgia,GEO,2022,2.958
Georgia,GEO,2023,2.234
Germany,DEU,1880,0
Germany,DEU,1890,0
Germany,DEU,1900,0
Germany,DEU,1910,0
Germany,DEU,1930,0.06
Germany,DEU,1960,3.1624267
Germany,DEU,1961,3.247294
Germany,DEU,1962,3.348275
Germany,DEU,1963,3.411143
Germany,DEU,1964,3.3989463
Germany,DEU,1965,3.6180744
Germany,DEU,1966,3.9746087
Germany,DEU,1967,4.131154
Germany,DEU,1968,4.304533
Germany,DEU,1969,4.293102
Germany,DEU,1970,4.08
Germany,DEU,1971,4.537
Germany,DEU,1972,4.845
Germany,DEU,1973,5.183
Germany,DEU,1974,5.674
Germany,DEU,1975,6.26
Germany,DEU,1976,6.274
Germany,DEU,1977,6.207
Germany,DEU,1978,6.264
Germany,DEU,1979,6.135
Germany,DEU,1980,6.303
Germany,DEU,1981,6.54
Germany,DEU,1982,6.361
Germany,DEU,1983,6.278
Germany,DEU,1984,6.387
Germany,DEU,1985,6.495
Germany,DEU,1986,6.437
Germany,DEU,1987,6.507
Germany,DEU,1988,6.624
Germany,DEU,1989,6.058
Germany,DEU,1990,6.058
Germany,DEU,1991,6.0839376
Germany,DEU,1992,7.126
Germany,DEU,1993,7.073
Germany,DEU,1994,7.293
Germany,DEU,1995,7.622
Germany,DEU,1996,7.912
Germany,DEU,1997,7.704
Germany,DEU,1998,7.65
Germany,DEU,1999,7.649
Germany,DEU,2000,7.647
Germany,DEU,2001,7.662
Germany,DEU,2002,7.814
Germany,DEU,2003,7.917
Germany,DEU,2004,7.563
Germany,DEU,2005,7.644
Germany,DEU,2006,7.499
Germany,DEU,2007,7.404
Germany,DEU,2008,7.566
Germany,DEU,2009,9.184
Germany,DEU,2010,9.056
Germany,DEU,2011,8.784
Germany,DEU,2012,8.832
Germany,DEU,2013,9.043
Germany,DEU,2014,9.107
Germany,DEU,2015,9.235
Germany,DEU,2016,9.303
Germany,DEU,2017,9.377
Germany,DEU,2018,9.467
Germany,DEU,2019,9.667
Germany,DEU,2020,10.687
Germany,DEU,2021,10.907
Germany,DEU,2022,10.666
Germany,DEU,2023,9.968
Germany,DEU,2024,10.485
Germany,DEU,2025,10.986
Greece,GRC,1880,0
Greece,GRC,1890,0
Greece,GRC,1900,0
Greece,GRC,1910,0
Greece,GRC,1920,0
Greece,GRC,1930,0
Greece,GRC,1960,1.3450247
Greece,GRC,1961,1.2840273
Greece,GRC,1962,1.3695623
Greece,GRC,1963,1.3702279
Greece,GRC,1964,1.5228821
Greece,GRC,1965,1.6185371
Greece,GRC,1966,1.6688735
Greece,GRC,1967,1.6226807
Greece,GRC,1968,1.5651933
Greece,GRC,1969,1.5656205
Greece,GRC,1970,1.5635531
Greece,GRC,1971,1.6636012
Greece,GRC,1972,1.6600189
Greece,GRC,1973,1.5779934
Greece,GRC,1974,1.7248894
Greece,GRC,1975,1.7790686
Greece,GRC,1976,1.9808019
Greece,GRC,1977,2.2084908
Greece,GRC,1978,2.278511
Greece,GRC,1979,2.3122692
Greece,GRC,1980,2.584434
Greece,GRC,1981,2.7450345
Greece,GRC,1982,2.9261498
Greece,GRC,1983,2.946648
Greece,GRC,1984,2.8846686
Greece,GRC,1985,2.857087
Greece,GRC,1986,3.1364744
Greece,GRC,1987,3.0050983
Greece,GRC,1988,3.009
Greece,GRC,1989,3.435
Greece,GRC,1990,3.331
Greece,GRC,1991,3.256
Greece,GRC,1992,3.658
Greece,GRC,1993,4.103
Greece,GRC,1994,4.157
Greece,GRC,1995,4.274
Greece,GRC,1996,4.365
Greece,GRC,1997,4.278
Greece,GRC,1998,4.177
Greece,GRC,1999,4.423
Greece,GRC,2000,4.631
Greece,GRC,2001,5.212
Greece,GRC,2002,5.121
Greece,GRC,2003,5.198
Greece,GRC,2004,4.866
Greece,GRC,2005,5.33
Greece,GRC,2006,5.173
Greece,GRC,2007,5.398
Greece,GRC,2008,5.846
Greece,GRC,2009,6.515
Greece,GRC,2010,6.628
Greece,GRC,2011,6.035
Greece,GRC,2012,5.991
Greece,GRC,2013,5.36
Greece,GRC,2014,4.676
Greece,GRC,2015,4.963
Greece,GRC,2016,5.209
Greece,GRC,2017,4.928
Greece,GRC,2018,4.791
Greece,GRC,2019,5.004
Greece,GRC,2020,5.814
Greece,GRC,2021,5.624
Greece,GRC,2022,5.274
Greece,GRC,2023,5.144
Greece,GRC,2024,5.088
Greece,GRC,2025,4.991
Hungary,HUN,1930,0.07
Hungary,HUN,1991,5.584
Hungary,HUN,1992,5.93
Hungary,HUN,1993,5.95
Hungary,HUN,1994,6.348
Hungary,HUN,1995,5.554
Hungary,HUN,1996,5.341
Hungary,HUN,1997,5.035
Hungary,HUN,1998,4.925
Hungary,HUN,1999,4.896
Hungary,HUN,2000,4.715
Hungary,HUN,2001,4.649
Hungary,HUN,2002,4.952
Hungary,HUN,2003,5.735
Hungary,HUN,2004,5.467
Hungary,HUN,2005,5.65
Hungary,HUN,2006,5.508
Hungary,HUN,2007,4.963
Hungary,HUN,2008,4.885
Hungary,HUN,2009,4.943
Hungary,HUN,2010,5.007
Hungary,HUN,2011,4.983
Hungary,HUN,2012,4.868
Hungary,HUN,2013,4.821
Hungary,HUN,2014,4.723
Hungary,HUN,2015,4.67
Hungary,HUN,2016,4.743
Hungary,HUN,2017,4.639
Hungary,HUN,2018,4.559
Hungary,HUN,2019,4.29
Hungary,HUN,2020,5.119
Hungary,HUN,2021,5.315
Hungary,HUN,2022,4.865
Hungary,HUN,2023,4.716
Hungary,HUN,2024,4.765
Hungary,HUN,2025,4.817
Iceland,ISL,1960,1.6206304
Iceland,ISL,1961,2.108473
Iceland,ISL,1962,2.354762
Iceland,ISL,1963,1.9820659
Iceland,ISL,1964,2.3480723
Iceland,ISL,1965,2.2425
Iceland,ISL,1966,2.4026787
Iceland,ISL,1967,2.9028533
Iceland,ISL,1968,3.1864707
Iceland,ISL,1969,3.1486533
Iceland,ISL,1970,2.981
Iceland,ISL,1971,3.276
Iceland,ISL,1972,3.938
Iceland,ISL,1973,3.631
Iceland,ISL,1974,4.415
Iceland,ISL,1975,4.75
Iceland,ISL,1976,4.448
Iceland,ISL,1977,4.417
Iceland,ISL,1978,4.881
Iceland,ISL,1979,5.511
Iceland,ISL,1980,5
Iceland,ISL,1981,5.14
Iceland,ISL,1982,5.4
Iceland,ISL,1983,5.958
Iceland,ISL,1984,5.445
Iceland,ISL,1985,5.642
Iceland,ISL,1986,5.989
Iceland,ISL,1987,6.195
Iceland,ISL,1988,6.673
Iceland,ISL,1989,6.48
Iceland,ISL,1990,6.2
Iceland,ISL,1991,6.35
Iceland,ISL,1992,6.379
Iceland,ISL,1993,6.335
Iceland,ISL,1994,6.216
Iceland,ISL,1995,6.341
Iceland,ISL,1996,6.34
Iceland,ISL,1997,6.219
Iceland,ISL,1998,6.657
Iceland,ISL,1999,7.077
Iceland,ISL,2000,7.098
Iceland,ISL,2001,6.983
Iceland,ISL,2002,7.573
Iceland,ISL,2003,7.825
Iceland,ISL,2004,7.477
Iceland,ISL,2005,7.124
Iceland,ISL,2006,6.901
Iceland,ISL,2007,6.757
Iceland,ISL,2008,6.796
Iceland,ISL,2009,7.133
Iceland,ISL,2010,6.596
Iceland,ISL,2011,6.541
Iceland,ISL,2012,6.504
Iceland,ISL,2013,6.562
Iceland,ISL,2014,6.617
Iceland,ISL,2015,6.515
Iceland,ISL,2016,6.582
Iceland,ISL,2017,6.736
Iceland,ISL,2018,6.853
Iceland,ISL,2019,7.078
Iceland,ISL,2020,7.904
Iceland,ISL,2021,8
Iceland,ISL,2022,7.553
Iceland,ISL,2023,7.225
Iceland,ISL,2024,7.679
Iceland,ISL,2025,7.713
India,IND,2000,0.939
India,IND,2001,0.909
India,IND,2002,0.877
India,IND,2003,0.819
India,IND,2004,0.801
India,IND,2005,0.828
India,IND,2006,0.805
India,IND,2007,0.795
India,IND,2008,0.836
India,IND,2009,0.907
India,IND,2010,0.862
India,IND,2011,0.91
India,IND,2012,0.903
India,IND,2013,0.829
India,IND,2014,0.829
India,IND,2015,0.928
India,IND,2016,0.947
India,IND,2017,0.974
India,IND,2018,0.984
India,IND,2019,1.043
India,IND,2020,1.224
India,IND,2021,1.376
India,IND,2022,1.395
India,IND,2023,1.372
Indonesia,IDN,2000,0.585
Indonesia,IDN,2001,0.782
Indonesia,IDN,2002,0.673
Indonesia,IDN,2003,0.813
Indonesia,IDN,2004,0.748
Indonesia,IDN,2005,0.734
Indonesia,IDN,2006,0.834
Indonesia,IDN,2007,1.028
Indonesia,IDN,2008,0.917
Indonesia,IDN,2009,0.949
Indonesia,IDN,2010,0.679
Indonesia,IDN,2011,0.717
Indonesia,IDN,2012,0.781
Indonesia,IDN,2013,0.836
Indonesia,IDN,2014,1.043
Indonesia,IDN,2015,1.159
Indonesia,IDN,2016,1.377
Indonesia,IDN,2017,1.356
Indonesia,IDN,2018,1.396
Indonesia,IDN,2019,1.401
Indonesia,IDN,2020,1.884
Indonesia,IDN,2021,2.263
Indonesia,IDN,2022,1.41
Indonesia,IDN,2023,1.451
Indonesia,IDN,2024,1.482
Ireland,IRL,1930,0.62
Ireland,IRL,1960,2.4653533
Ireland,IRL,1961,2.4081082
Ireland,IRL,1962,2.4473708
Ireland,IRL,1963,2.5877268
Ireland,IRL,1964,2.72616
Ireland,IRL,1965,2.7320352
Ireland,IRL,1966,2.999406
Ireland,IRL,1967,3.2631612
Ireland,IRL,1968,3.0251255
Ireland,IRL,1969,3.1884825
Ireland,IRL,1970,3.74
Ireland,IRL,1971,3.981
Ireland,IRL,1972,4.21
Ireland,IRL,1973,4.545
Ireland,IRL,1974,5
Ireland,IRL,1975,5.514
Ireland,IRL,1976,5.29
Ireland,IRL,1977,4.941
Ireland,IRL,1978,5.214
Ireland,IRL,1979,5.602
Ireland,IRL,1980,6.065
Ireland,IRL,1981,5.826
Ireland,IRL,1982,5.695
Ireland,IRL,1983,5.596
Ireland,IRL,1984,5.299
Ireland,IRL,1985,5.234
Ireland,IRL,1986,5.093
Ireland,IRL,1987,4.752
Ireland,IRL,1988,4.436
Ireland,IRL,1989,4.261
Ireland,IRL,1990,4.109
Ireland,IRL,1991,4.468
Ireland,IRL,1992,4.703
Ireland,IRL,1993,4.769
Ireland,IRL,1994,4.677
Ireland,IRL,1995,4.526
Ireland,IRL,1996,4.362
Ireland,IRL,1997,4.359
Ireland,IRL,1998,4.23
Ireland,IRL,1999,4.213
Ireland,IRL,2000,4.573
Ireland,IRL,2001,5.014
Ireland,IRL,2002,5.271
Ireland,IRL,2003,5.519
Ireland,IRL,2004,5.698
Ireland,IRL,2005,6.027
Ireland,IRL,2006,5.85
Ireland,IRL,2007,6.186
Ireland,IRL,2008,7.239
Ireland,IRL,2009,8.11
Ireland,IRL,2010,8.024
Ireland,IRL,2011,7.566
Ireland,IRL,2012,7.564
Ireland,IRL,2013,7.149
Ireland,IRL,2014,6.596
Ireland,IRL,2015,5.09
Ireland,IRL,2016,5.295
Ireland,IRL,2017,5.02
Ireland,IRL,2018,4.958
Ireland,IRL,2019,4.891
Ireland,IRL,2020,5.434
Ireland,IRL,2021,4.96
Ireland,IRL,2022,4.617
Ireland,IRL,2023,4.911
Ireland,IRL,2024,5.014
Ireland,IRL,2025,4.732
Israel,ISR,1995,4.487
Israel,ISR,1996,4.675
Israel,ISR,1997,4.721
Israel,ISR,1998,4.423
Israel,ISR,1999,4.257
Israel,ISR,2000,4.164
Israel,ISR,2001,4.391
Israel,ISR,2002,4.426
Israel,ISR,2003,4.286
Israel,ISR,2004,4.203
Israel,ISR,2005,4.13
Israel,ISR,2006,4.181
Israel,ISR,2007,4.048
Israel,ISR,2008,4.177
Israel,ISR,2009,4.211
Israel,ISR,2010,4.308
Israel,ISR,2011,4.265
Israel,ISR,2012,4.353
Israel,ISR,2013,4.408
Israel,ISR,2014,4.447
Israel,ISR,2015,4.462
Israel,ISR,2016,4.507
Israel,ISR,2017,4.596
Israel,ISR,2018,4.689
Israel,ISR,2019,4.688
Israel,ISR,2020,5.258
Israel,ISR,2021,5.605
Israel,ISR,2022,4.42
Israel,ISR,2023,4.62
Israel,ISR,2024,4.615
Israel,ISR,2025,4.572
Italy,ITA,1880,0
Italy,ITA,1890,0
Italy,ITA,1900,0
Italy,ITA,1910,0
Italy,ITA,1920,0
Italy,ITA,1930,0
Italy,ITA,1960,2.739414
Italy,ITA,1961,2.8173454
Italy,ITA,1962,2.816886
Italy,ITA,1963,3.0663552
Italy,ITA,1964,3.271102
Italy,ITA,1965,3.4724085
Italy,ITA,1966,3.608011
Italy,ITA,1967,3.751212
Italy,ITA,1968,3.820313
Italy,ITA,1969,3.8856175
Italy,ITA,1970,4.0845165
Italy,ITA,1971,4.478122
Italy,ITA,1972,4.82423
Italy,ITA,1973,4.7764344
Italy,ITA,1974,4.7900124
Italy,ITA,1975,4.7802644
Italy,ITA,1976,4.757458
Italy,ITA,1977,4.464875
Italy,ITA,1978,4.749881
Italy,ITA,1979,4.767698
Italy,ITA,1980,5.086649
Italy,ITA,1981,4.860184
Italy,ITA,1982,4.9570036
Italy,ITA,1983,5.0459456
Italy,ITA,1984,4.8685284
Italy,ITA,1985,4.9474754
Italy,ITA,1986,4.8100967
Italy,ITA,1987,5.2091427
Italy,ITA,1988,5.377
Italy,ITA,1989,5.298
Italy,ITA,1990,5.672
Italy,ITA,1991,5.85
Italy,ITA,1992,5.722
Italy,ITA,1993,5.537
Italy,ITA,1994,5.263
Italy,ITA,1995,4.869
Italy,ITA,1996,4.943
Italy,ITA,1997,5.123
Italy,ITA,1998,5.106
Italy,ITA,1999,5.181
Italy,ITA,2000,5.482
Italy,ITA,2001,5.754
Italy,ITA,2002,5.874
Italy,ITA,2003,5.881
Italy,ITA,2004,6.204
Italy,ITA,2005,6.439
Italy,ITA,2006,6.529
Italy,ITA,2007,6.278
Italy,ITA,2008,6.604
Italy,ITA,2009,6.979
Italy,ITA,2010,6.966
Italy,ITA,2011,6.722
Italy,ITA,2012,6.63
Italy,ITA,2013,6.608
Italy,ITA,2014,6.639
Italy,ITA,2015,6.547
Italy,ITA,2016,6.448
Italy,ITA,2017,6.372
Italy,ITA,2018,6.349
Italy,ITA,2019,6.31
Italy,ITA,2020,7.252
Italy,ITA,2021,6.917
Italy,ITA,2022,6.524
Italy,ITA,2023,6.109
Italy,ITA,2024,6.226
Italy,ITA,2025,6.235
Japan,JPN,1880,0.03
Japan,JPN,1890,0.07
Japan,JPN,1900,0.1
Japan,JPN,1910,0.1
Japan,JPN,1920,0.1
Japan,JPN,1930,0.12
Japan,JPN,1960,1.6635729
Japan,JPN,1961,1.9000092
Japan,JPN,1962,2.0091276
Japan,JPN,1963,2.1577365
Japan,JPN,1964,2.2696557
Japan,JPN,1965,2.5151157
Japan,JPN,1966,2.5145278
Japan,JPN,1967,2.5933836
Japan,JPN,1968,2.5884688
Japan,JPN,1969,2.544566
Japan,JPN,1970,2.919
Japan,JPN,1971,2.819
Japan,JPN,1972,2.971
Japan,JPN,1973,2.942
Japan,JPN,1974,3.478
Japan,JPN,1975,3.738
Japan,JPN,1976,3.898
Japan,JPN,1977,3.872
Japan,JPN,1978,4.181
Japan,JPN,1979,4.172
Japan,JPN,1980,4.269
Japan,JPN,1981,4.309
Japan,JPN,1982,4.41
Japan,JPN,1983,4.567
Japan,JPN,1984,4.452
Japan,JPN,1985,4.401
Japan,JPN,1986,4.461
Japan,JPN,1987,4.523
Japan,JPN,1988,4.417
Japan,JPN,1989,4.348
Japan,JPN,1990,4.302
Japan,JPN,1991,4.352
Japan,JPN,1992,4.527
Japan,JPN,1993,4.821
Japan,JPN,1994,4.976
Japan,JPN,1995,4.962
Japan,JPN,1996,4.819
Japan,JPN,1997,4.984
Japan,JPN,1998,5.149
Japan,JPN,1999,5.434
Japan,JPN,2000,5.575
Japan,JPN,2001,5.777
Japan,JPN,2002,5.849
Japan,JPN,2003,5.916
Japan,JPN,2004,5.99
Japan,JPN,2005,6.16
Japan,JPN,2006,6.113
Japan,JPN,2007,6.259
Japan,JPN,2008,6.498
Japan,JPN,2009,7.218
Japan,JPN,2010,7.358
Japan,JPN,2011,8.718
Japan,JPN,2012,8.87
Japan,JPN,2013,8.892
Japan,JPN,2014,8.864
Japan,JPN,2015,8.86
Japan,JPN,2016,8.77
Japan,JPN,2017,8.783
Japan,JPN,2018,8.799
Japan,JPN,2019,8.987
Japan,JPN,2020,9.524
Japan,JPN,2021,10.111
Japan,JPN,2022,10.066
Japan,JPN,2023,9.159
Japan,JPN,2024,8.84
Japan,JPN,2025,8.658
Latvia,LVA,2000,2.828
Latvia,LVA,2001,2.871
Latvia,LVA,2002,2.952
Latvia,LVA,2003,2.858
Latvia,LVA,2004,3.637
Latvia,LVA,2005,3.387
Latvia,LVA,2006,3.705
Latvia,LVA,2007,3.542
Latvia,LVA,2008,3.539
Latvia,LVA,2009,3.739
Latvia,LVA,2010,3.746
Latvia,LVA,2011,3.758
Latvia,LVA,2012,3.392
Latvia,LVA,2013,3.363
Latvia,LVA,2014,3.38
Latvia,LVA,2015,3.437
Latvia,LVA,2016,3.549
Latvia,LVA,2017,3.547
Latvia,LVA,2018,3.837
Latvia,LVA,2019,4.126
Latvia,LVA,2020,4.774
Latvia,LVA,2021,6.537
Latvia,LVA,2022,5.262
Latvia,LVA,2023,4.316
Latvia,LVA,2024,4.965
Latvia,LVA,2025,5.239
Liechtenstein,LIE,2024,3.702
Lithuania,LTU,2000,4.238
Lithuania,LTU,2001,4.295
Lithuania,LTU,2002,4.536
Lithuania,LTU,2003,4.656
Lithuania,LTU,2004,3.649
Lithuania,LTU,2005,3.767
Lithuania,LTU,2006,3.96
Lithuania,LTU,2007,4.095
Lithuania,LTU,2008,4.481
Lithuania,LTU,2009,5.322
Lithuania,LTU,2010,4.952
Lithuania,LTU,2011,4.643
Lithuania,LTU,2012,4.247
Lithuania,LTU,2013,4.078
Lithuania,LTU,2014,4.204
Lithuania,LTU,2015,4.347
Lithuania,LTU,2016,4.428
Lithuania,LTU,2017,4.275
Lithuania,LTU,2018,4.346
Lithuania,LTU,2019,4.61
Lithuania,LTU,2020,5.204
Lithuania,LTU,2021,5.315
Lithuania,LTU,2022,4.847
Lithuania,LTU,2023,4.892
Lithuania,LTU,2024,5.232
Lithuania,LTU,2025,5.194
Luxembourg,LUX,1975,3.6389055
Luxembourg,LUX,1976,3.682
Luxembourg,LUX,1977,3.988
Luxembourg,LUX,1978,4.243
Luxembourg,LUX,1979,4.341
Luxembourg,LUX,1980,4.433
Luxembourg,LUX,1981,4.551
Luxembourg,LUX,1982,4.438
Luxembourg,LUX,1983,4.163
Luxembourg,LUX,1984,4.079
Luxembourg,LUX,1985,4.139
Luxembourg,LUX,1986,4.132
Luxembourg,LUX,1987,4.691
Luxembourg,LUX,1988,4.879
Luxembourg,LUX,1989,4.751
Luxembourg,LUX,1990,4.941
Luxembourg,LUX,1991,4.735
Luxembourg,LUX,1992,4.961
Luxembourg,LUX,1993,5.028
Luxembourg,LUX,1994,4.837
Luxembourg,LUX,1995,5.101
Luxembourg,LUX,1996,5.166
Luxembourg,LUX,1997,4.896
Luxembourg,LUX,1998,5.03
Luxembourg,LUX,1999,5.038
Luxembourg,LUX,2000,4.857
Luxembourg,LUX,2001,5.28
Luxembourg,LUX,2002,5.614
Luxembourg,LUX,2003,5.77
Luxembourg,LUX,2004,6.067
Luxembourg,LUX,2005,5.927
Luxembourg,LUX,2006,5.495
Luxembourg,LUX,2007,5.184
Luxembourg,LUX,2008,5.441
Luxembourg,LUX,2009,5.959
Luxembourg,LUX,2010,5.657
Luxembourg,LUX,2011,4.95
Luxembourg,LUX,2012,4.386
Luxembourg,LUX,2013,4.35
Luxembourg,LUX,2014,4.366
Luxembourg,LUX,2015,4.251
Luxembourg,LUX,2016,4.24
Luxembourg,LUX,2017,4.311
Luxembourg,LUX,2018,4.434
Luxembourg,LUX,2019,4.644
Luxembourg,LUX,2020,4.988
Luxembourg,LUX,2021,4.832
Luxembourg,LUX,2022,4.83
Luxembourg,LUX,2023,4.784
Luxembourg,LUX,2024,4.923
Luxembourg,LUX,2025,5.083
Malta,MLT,2016,5.483
Malta,MLT,2017,5.229
Malta,MLT,2018,5.15
Malta,MLT,2019,5.559
Malta,MLT,2020,6.574
Malta,MLT,2021,6.417
Malta,MLT,2022,6.189
Malta,MLT,2023,5.731
Mexico,MEX,1880,0
Mexico,MEX,1890,0
Mexico,MEX,1900,0
Mexico,MEX,1910,0
Mexico,MEX,1920,0
Mexico,MEX,1930,0
Mexico,MEX,1999,1.957
Mexico,MEX,2000,1.919
Mexico,MEX,2001,2.005
Mexico,MEX,2002,2.062
Mexico,MEX,2003,2.3
Mexico,MEX,2004,2.47
Mexico,MEX,2005,2.357
Mexico,MEX,2006,2.315
Mexico,MEX,2007,2.413
Mexico,MEX,2008,2.5
Mexico,MEX,2009,2.729
Mexico,MEX,2010,2.757
Mexico,MEX,2011,2.799
Mexico,MEX,2012,2.878
Mexico,MEX,2013,2.998
Mexico,MEX,2014,2.791
Mexico,MEX,2015,2.885
Mexico,MEX,2016,2.761
Mexico,MEX,2017,2.684
Mexico,MEX,2018,2.6
Mexico,MEX,2019,2.607
Mexico,MEX,2020,3.202
Mexico,MEX,2021,2.951
Mexico,MEX,2022,2.962
Mexico,MEX,2023,2.906
Mexico,MEX,2024,3.174
Mexico,MEX,2025,3.22
Moldova,MDA,2000,2.901
Moldova,MDA,2001,2.865
Moldova,MDA,2002,3.548
Moldova,MDA,2003,3.284
Moldova,MDA,2004,5.35
Moldova,MDA,2005,5.105
Moldova,MDA,2006,5.313
Moldova,MDA,2007,5.912
Moldova,MDA,2008,5.575
Moldova,MDA,2009,6.518
Moldova,MDA,2010,5.112
Moldova,MDA,2011,4.586
Moldova,MDA,2012,4.902
Moldova,MDA,2013,4.417
Moldova,MDA,2014,4.807
Moldova,MDA,2015,4.176
Moldova,MDA,2016,3.921
Moldova,MDA,2017,3.744
Moldova,MDA,2018,3.798
Moldova,MDA,2019,3.921
Moldova,MDA,2020,4.585
Moldova,MDA,2021,5.156
Moldova,MDA,2022,4.595
Moldova,MDA,2023,4.757
Moldova,MDA,2024,5.23
Montenegro,MNE,2011,4.898
Montenegro,MNE,2012,5.325
Montenegro,MNE,2013,4.945
Montenegro,MNE,2014,4.874
Montenegro,MNE,2015,5.663
Montenegro,MNE,2016,5.334
Montenegro,MNE,2017,4.641
Montenegro,MNE,2018,5.075
Montenegro,MNE,2019,5.14
Montenegro,MNE,2020,7.251
Montenegro,MNE,2021,6.509
Montenegro,MNE,2022,7.234
Montenegro,MNE,2023,6.598
Montenegro,MNE,2024,6.789
Netherlands,NLD,1880,0
Netherlands,NLD,1890,0
Netherlands,NLD,1900,0
Netherlands,NLD,1910,0
Netherlands,NLD,1920,0
Netherlands,NLD,1930,0
Netherlands,NLD,1960,1.0508468
Netherlands,NLD,1961,1.3513184
Netherlands,NLD,1962,1.7031373
Netherlands,NLD,1963,2.1305187
Netherlands,NLD,1964,2.2204757
Netherlands,NLD,1965,2.4384599
Netherlands,NLD,1966,2.746069
Netherlands,NLD,1967,3.0694094
Netherlands,NLD,1968,3.3520641
Netherlands,NLD,1969,3.7079728
Netherlands,NLD,1970,4.0881677
Netherlands,NLD,1971,3.9698436
Netherlands,NLD,1972,3.823
Netherlands,NLD,1973,3.884
Netherlands,NLD,1974,4.087
Netherlands,NLD,1975,4.423
Netherlands,NLD,1976,4.382
Netherlands,NLD,1977,4.476
Netherlands,NLD,1978,4.578
Netherlands,NLD,1979,4.669
Netherlands,NLD,1980,4.761
Netherlands,NLD,1981,4.856
Netherlands,NLD,1982,5.066
Netherlands,NLD,1983,5.022
Netherlands,NLD,1984,4.826
Netherlands,NLD,1985,4.787
Netherlands,NLD,1986,4.68
Netherlands,NLD,1987,4.791
Netherlands,NLD,1988,4.701
Netherlands,NLD,1989,4.91
Netherlands,NLD,1990,4.971
Netherlands,NLD,1991,5.211
Netherlands,NLD,1992,5.624
Netherlands,NLD,1993,5.772
Netherlands,NLD,1994,5.616
Netherlands,NLD,1995,5.472
Netherlands,NLD,1996,5.032
Netherlands,NLD,1997,4.991
Netherlands,NLD,1998,5.391
Netherlands,NLD,1999,5.356
Netherlands,NLD,2000,5.319
Netherlands,NLD,2001,5.6
Netherlands,NLD,2002,6.031
Netherlands,NLD,2003,6.329
Netherlands,NLD,2004,6.223
Netherlands,NLD,2005,6.199
Netherlands,NLD,2006,7.567
Netherlands,NLD,2007,7.567
Netherlands,NLD,2008,7.621
Netherlands,NLD,2009,8.242
Netherlands,NLD,2010,8.417
Netherlands,NLD,2011,8.386
Netherlands,NLD,2012,8.585
Netherlands,NLD,2013,8.522
Netherlands,NLD,2014,8.479
Netherlands,NLD,2015,8.291
Netherlands,NLD,2016,8.22
Netherlands,NLD,2017,8.117
Netherlands,NLD,2018,8.088
Netherlands,NLD,2019,8.227
Netherlands,NLD,2020,9.304
Netherlands,NLD,2021,9.347
Netherlands,NLD,2022,8.355
Netherlands,NLD,2023,8.285
Netherlands,NLD,2024,8.387
Netherlands,NLD,2025,8.469
New Zealand,NZL,1880,0.17
New Zealand,NZL,1890,0.39
New Zealand,NZL,1900,0.51
New Zealand,NZL,1910,0.72
New Zealand,NZL,1920,1.07
New Zealand,NZL,1930,1.13
New Zealand,NZL,1960,3.4590027
New Zealand,NZL,1961,3.6299329
New Zealand,NZL,1962,3.6355205
New Zealand,NZL,1963,3.551698
New Zealand,NZL,1964,3.5694408
New Zealand,NZL,1965,3.654868
New Zealand,NZL,1966,3.8533766
New Zealand,NZL,1967,3.851404
New Zealand,NZL,1968,3.877347
New Zealand,NZL,1969,3.8908553
New Zealand,NZL,1970,4.155
New Zealand,NZL,1971,3.822
New Zealand,NZL,1972,3.977
New Zealand,NZL,1973,3.967
New Zealand,NZL,1974,4.431
New Zealand,NZL,1975,4.813
New Zealand,NZL,1976,4.533
New Zealand,NZL,1977,4.833
New Zealand,NZL,1978,5.206
New Zealand,NZL,1979,5.301
New Zealand,NZL,1980,5.05
New Zealand,NZL,1981,5.387
New Zealand,NZL,1982,5.108
New Zealand,NZL,1983,5.007
New Zealand,NZL,1984,4.673
New Zealand,NZL,1985,4.294
New Zealand,NZL,1986,4.347
New Zealand,NZL,1987,4.859
New Zealand,NZL,1988,5.248
New Zealand,NZL,1989,5.386
New Zealand,NZL,1990,5.495
New Zealand,NZL,1991,5.84
New Zealand,NZL,1992,5.713
New Zealand,NZL,1993,5.307
New Zealand,NZL,1994,5.375
New Zealand,NZL,1995,5.362
New Zealand,NZL,1996,5.284
New Zealand,NZL,1997,5.486
New Zealand,NZL,1998,5.788
New Zealand,NZL,1999,5.732
New Zealand,NZL,2000,5.828
New Zealand,NZL,2001,5.792
New Zealand,NZL,2002,6.154
New Zealand,NZL,2003,6.049
New Zealand,NZL,2004,6.292
New Zealand,NZL,2005,6.592
New Zealand,NZL,2006,6.917
New Zealand,NZL,2007,6.863
New Zealand,NZL,2008,7.036
New Zealand,NZL,2009,7.426
New Zealand,NZL,2010,7.383
New Zealand,NZL,2011,7.375
New Zealand,NZL,2012,7.428
New Zealand,NZL,2013,7.189
New Zealand,NZL,2014,7.121
New Zealand,NZL,2015,6.974
New Zealand,NZL,2016,6.791
New Zealand,NZL,2017,6.687
New Zealand,NZL,2018,6.634
New Zealand,NZL,2019,6.675
New Zealand,NZL,2020,7.239
New Zealand,NZL,2021,7.555
New Zealand,NZL,2022,8.649
New Zealand,NZL,2023,8.122
New Zealand,NZL,2024,7.989
New Zealand,NZL,2025,7.754
North Macedonia,MKD,2000,4.788
North Macedonia,MKD,2001,4.631
North Macedonia,MKD,2002,4.807
North Macedonia,MKD,2003,5
North Macedonia,MKD,2004,4.8
North Macedonia,MKD,2005,4.445
North Macedonia,MKD,2006,4.501
North Macedonia,MKD,2007,4.105
North Macedonia,MKD,2008,4.33
North Macedonia,MKD,2009,4.193
North Macedonia,MKD,2010,4.161
North Macedonia,MKD,2011,4.147
North Macedonia,MKD,2012,4.268
North Macedonia,MKD,2013,4.451
North Macedonia,MKD,2014,4.083
North Macedonia,MKD,2015,4.163
North Macedonia,MKD,2016,4.119
North Macedonia,MKD,2017,3.776
North Macedonia,MKD,2018,3.768
North Macedonia,MKD,2019,4.267
North Macedonia,MKD,2020,4.682
North Macedonia,MKD,2021,4.662
North Macedonia,MKD,2022,4.229
North Macedonia,MKD,2023,4.251
Norway,NOR,1880,0.22
Norway,NOR,1890,0.11
Norway,NOR,1900,0.28
Norway,NOR,1910,0.27
Norway,NOR,1920,0.31
Norway,NOR,1930,0.64
Norway,NOR,1960,2.0415218
Norway,NOR,1961,2.1576843
Norway,NOR,1962,2.3138444
Norway,NOR,1963,2.4610794
Norway,NOR,1964,2.5445867
Norway,NOR,1965,2.5312512
Norway,NOR,1966,2.8373196
Norway,NOR,1967,2.917924
Norway,NOR,1968,3.0327544
Norway,NOR,1969,3.2655168
Norway,NOR,1970,3.642
Norway,NOR,1971,3.806
Norway,NOR,1972,4.416
Norway,NOR,1973,4.52
Norway,NOR,1974,4.531
Norway,NOR,1975,4.996
Norway,NOR,1976,5.186
Norway,NOR,1977,5.461
Norway,NOR,1978,5.624
Norway,NOR,1979,5.301
Norway,NOR,1980,5.333
Norway,NOR,1981,5.363
Norway,NOR,1982,5.486
Norway,NOR,1983,5.647
Norway,NOR,1984,5.343
Norway,NOR,1985,5.291
Norway,NOR,1986,5.709
Norway,NOR,1987,6.013
Norway,NOR,1988,5.911
Norway,NOR,1989,5.654
Norway,NOR,1990,5.88
Norway,NOR,1991,6.211
Norway,NOR,1992,6.383
Norway,NOR,1993,6.263
Norway,NOR,1994,6.194
Norway,NOR,1995,6.137
Norway,NOR,1996,6.059
Norway,NOR,1997,6.296
Norway,NOR,1998,6.909
Norway,NOR,1999,6.924
Norway,NOR,2000,6.323
Norway,NOR,2001,6.657
Norway,NOR,2002,7.466
Norway,NOR,2003,7.652
Norway,NOR,2004,7.291
Norway,NOR,2005,6.861
Norway,NOR,2006,6.516
Norway,NOR,2007,6.625
Norway,NOR,2008,6.559
Norway,NOR,2009,7.479
Norway,NOR,2010,7.346
Norway,NOR,2011,7.209
Norway,NOR,2012,7.219
Norway,NOR,2013,7.348
Norway,NOR,2014,7.701
Norway,NOR,2015,8.342
Norway,NOR,2016,8.702
Norway,NOR,2017,8.416
Norway,NOR,2018,8.258
Norway,NOR,2019,8.62
Norway,NOR,2020,9.445
Norway,NOR,2021,8.136
Norway,NOR,2022,6.545
Norway,NOR,2023,7.702
Norway,NOR,2024,7.964
Norway,NOR,2025,7.998
Peru,PER,2002,2.537
Peru,PER,2003,2.404
Peru,PER,2004,2.354
Peru,PER,2005,2.62
Peru,PER,2006,2.228
Peru,PER,2007,2.155
Peru,PER,2008,2.187
Peru,PER,2009,2.541
Peru,PER,2010,2.453
Peru,PER,2011,2.323
Peru,PER,2012,2.493
Peru,PER,2013,2.651
Peru,PER,2014,2.936
Peru,PER,2015,2.98
Peru,PER,2016,3.002
Peru,PER,2017,2.977
Peru,PER,2018,3.123
Peru,PER,2019,3.196
Peru,PER,2020,4.276
Peru,PER,2021,4.39
Peru,PER,2022,3.849
Peru,PER,2023,3.567
Peru,PER,2024,3.623
Poland,POL,1920,0
Poland,POL,1930,0
Poland,POL,1990,3.921
Poland,POL,1991,4.159
Poland,POL,1992,4.243
Poland,POL,1993,3.91
Poland,POL,1994,3.615
Poland,POL,1995,3.601
Poland,POL,1996,3.85
Poland,POL,1997,3.512
Poland,POL,1998,3.445
Poland,POL,1999,3.807
Poland,POL,2000,3.627
Poland,POL,2001,4.006
Poland,POL,2002,4.26
Poland,POL,2003,4.104
Poland,POL,2004,3.957
Poland,POL,2005,3.977
Poland,POL,2006,4.003
Poland,POL,2007,4.109
Poland,POL,2008,4.552
Poland,POL,2009,4.708
Poland,POL,2010,4.613
Poland,POL,2011,4.426
Poland,POL,2012,4.363
Poland,POL,2013,4.557
Poland,POL,2014,4.44
Poland,POL,2015,4.439
Poland,POL,2016,4.524
Poland,POL,2017,4.529
Poland,POL,2018,4.469
Poland,POL,2019,4.586
Poland,POL,2020,4.645
Poland,POL,2021,4.719
Poland,POL,2022,4.978
Poland,POL,2023,5.537
Poland,POL,2024,6.028
Poland,POL,2025,6.947
Portugal,PRT,1880,0
Portugal,PRT,1890,0
Portugal,PRT,1900,0
Portugal,PRT,1910,0
Portugal,PRT,1920,0
Portugal,PRT,1930,0
Portugal,PRT,1960,0.63107055
Portugal,PRT,1961,0.65248376
Portugal,PRT,1962,0.66185445
Portugal,PRT,1963,0.8076404
Portugal,PRT,1964,0.6594723
Portugal,PRT,1965,0.83251834
Portugal,PRT,1966,0.8910139
Portugal,PRT,1967,0.91182494
Portugal,PRT,1968,1.1656222
Portugal,PRT,1969,1.3487945
Portugal,PRT,1970,1.276
Portugal,PRT,1971,1.419
Portugal,PRT,1972,1.739
Portugal,PRT,1973,1.902
Portugal,PRT,1974,2.128
Portugal,PRT,1975,2.72
Portugal,PRT,1976,2.974
Portugal,PRT,1977,2.801
Portugal,PRT,1978,2.749
Portugal,PRT,1979,2.764
Portugal,PRT,1980,2.989
Portugal,PRT,1981,3.098
Portugal,PRT,1982,2.741
Portugal,PRT,1983,2.42
Portugal,PRT,1984,2.454
Portugal,PRT,1985,2.874
Portugal,PRT,1986,3.053
Portugal,PRT,1987,2.917
Portugal,PRT,1988,3.185
Portugal,PRT,1989,2.903
Portugal,PRT,1990,3.581
Portugal,PRT,1991,3.75
Portugal,PRT,1992,3.627
Portugal,PRT,1993,4.008
Portugal,PRT,1994,3.992
Portugal,PRT,1995,4.426
Portugal,PRT,1996,4.776
Portugal,PRT,1997,4.776
Portugal,PRT,1998,4.875
Portugal,PRT,1999,5.069
Portugal,PRT,2000,6.007
Portugal,PRT,2001,6.059
Portugal,PRT,2002,6.331
Portugal,PRT,2003,6.445
Portugal,PRT,2004,6.731
Portugal,PRT,2005,6.839
Portugal,PRT,2006,5.938
Portugal,PRT,2007,5.804
Portugal,PRT,2008,5.989
Portugal,PRT,2009,6.476
Portugal,PRT,2010,6.686
Portugal,PRT,2011,6.294
Portugal,PRT,2012,5.938
Portugal,PRT,2013,5.878
Portugal,PRT,2014,5.791
Portugal,PRT,2015,5.783
Portugal,PRT,2016,5.817
Portugal,PRT,2017,5.739
Portugal,PRT,2018,5.788
Portugal,PRT,2019,5.844
Portugal,PRT,2020,6.806
Portugal,PRT,2021,7.015
Portugal,PRT,2022,6.595
Portugal,PRT,2023,6.118
Portugal,PRT,2024,6.314
Portugal,PRT,2025,6.511
Romania,ROU,1880,0
Romania,ROU,1890,0
Romania,ROU,1900,0
Romania,ROU,1910,0
Romania,ROU,1920,0.001
Romania,ROU,1930,0.003
Romania,ROU,2003,4.537
Romania,ROU,2004,4.075
Romania,ROU,2005,4.444
Romania,ROU,2006,4.029
Romania,ROU,2007,4.107
Romania,ROU,2008,4.09
Romania,ROU,2009,4.155
Romania,ROU,2010,4.507
Romania,ROU,2011,3.368
Romania,ROU,2012,3.469
Romania,ROU,2013,4.145
Romania,ROU,2014,3.972
Romania,ROU,2015,3.857
Romania,ROU,2016,3.979
Romania,ROU,2017,4.081
Romania,ROU,2018,4.427
Romania,ROU,2019,4.614
Romania,ROU,2020,5.013
Romania,ROU,2021,5.081
Romania,ROU,2022,4.526
Romania,ROU,2023,4.391
Romania,ROU,2024,4.76
Serbia,SRB,2000,3.799
Serbia,SRB,2001,4.138
Serbia,SRB,2002,5.232
Serbia,SRB,2003,5.106
Serbia,SRB,2004,5.19
Serbia,SRB,2005,5.299
Serbia,SRB,2006,5.193
Serbia,SRB,2007,5.516
Serbia,SRB,2008,5.658
Serbia,SRB,2009,5.556
Serbia,SRB,2010,5.658
Serbia,SRB,2011,5.415
Serbia,SRB,2012,5.597
Serbia,SRB,2013,5.399
Serbia,SRB,2014,5.202
Serbia,SRB,2015,4.911
Serbia,SRB,2016,4.725
Serbia,SRB,2017,4.551
Serbia,SRB,2018,4.911
Serbia,SRB,2019,5.083
Serbia,SRB,2020,5.181
Serbia,SRB,2021,6.122
Serbia,SRB,2022,5.851
Serbia,SRB,2023,5.336
Serbia,SRB,2024,5.244
Slovakia,SVK,1997,5.149
Slovakia,SVK,1998,5.059
Slovakia,SVK,1999,4.941
Slovakia,SVK,2000,4.732
Slovakia,SVK,2001,4.758
Slovakia,SVK,2002,4.91
Slovakia,SVK,2003,4.814
Slovakia,SVK,2004,5.038
Slovakia,SVK,2005,4.981
Slovakia,SVK,2006,4.795
Slovakia,SVK,2007,4.973
Slovakia,SVK,2008,5.245
Slovakia,SVK,2009,5.844
Slovakia,SVK,2010,5.516
Slovakia,SVK,2011,5.397
Slovakia,SVK,2012,5.433
Slovakia,SVK,2013,5.551
Slovakia,SVK,2014,5.508
Slovakia,SVK,2015,5.374
Slovakia,SVK,2016,5.579
Slovakia,SVK,2017,5.383
Slovakia,SVK,2018,5.318
Slovakia,SVK,2019,5.515
Slovakia,SVK,2020,5.667
Slovakia,SVK,2021,6.085
Slovakia,SVK,2022,6.157
Slovakia,SVK,2023,5.818
Slovakia,SVK,2024,6.301
Slovakia,SVK,2025,6.388
Slovenia,SVN,2000,5.726
Slovenia,SVN,2001,5.685
Slovenia,SVN,2002,5.955
Slovenia,SVN,2003,5.953
Slovenia,SVN,2004,5.874
Slovenia,SVN,2005,5.918
Slovenia,SVN,2006,5.753
Slovenia,SVN,2007,5.393
Slovenia,SVN,2008,5.806
Slovenia,SVN,2009,6.315
Slovenia,SVN,2010,6.343
Slovenia,SVN,2011,6.315
Slovenia,SVN,2012,6.327
Slovenia,SVN,2013,6.31
Slovenia,SVN,2014,6.105
Slovenia,SVN,2015,6.173
Slovenia,SVN,2016,6.232
Slovenia,SVN,2017,5.963
Slovenia,SVN,2018,6.082
Slovenia,SVN,2019,6.234
Slovenia,SVN,2020,6.943
Slovenia,SVN,2021,7.028
Slovenia,SVN,2022,7.124
Slovenia,SVN,2023,6.832
Slovenia,SVN,2024,7.944
Slovenia,SVN,2025,8.273
South Africa,ZAF,2000,2.685
South Africa,ZAF,2001,2.403
South Africa,ZAF,2002,2.306
South Africa,ZAF,2003,2.791
South Africa,ZAF,2004,2.732
South Africa,ZAF,2005,2.745
South Africa,ZAF,2006,2.837
South Africa,ZAF,2007,2.919
South Africa,ZAF,2008,2.998
South Africa,ZAF,2009,3.381
South Africa,ZAF,2010,3.572
South Africa,ZAF,2011,3.692
South Africa,ZAF,2012,3.696
South Africa,ZAF,2013,3.699
South Africa,ZAF,2014,3.64
South Africa,ZAF,2015,3.753
South Africa,ZAF,2016,3.751
South Africa,ZAF,2017,3.745
South Africa,ZAF,2018,3.781
South Africa,ZAF,2019,3.937
South Africa,ZAF,2020,4.357
South Africa,ZAF,2021,4.105
South Africa,ZAF,2022,4.006
South Africa,ZAF,2023,4.084
South Korea,KOR,1970,0.234
South Korea,KOR,1971,0.283
South Korea,KOR,1972,0.215
South Korea,KOR,1973,0.187
South Korea,KOR,1974,0.169
South Korea,KOR,1975,0.238
South Korea,KOR,1976,0.207
South Korea,KOR,1977,0.274
South Korea,KOR,1978,0.297
South Korea,KOR,1979,0.524
South Korea,KOR,1980,0.68
South Korea,KOR,1981,0.697
South Korea,KOR,1982,0.832
South Korea,KOR,1983,0.928
South Korea,KOR,1984,0.974
South Korea,KOR,1985,1.044
South Korea,KOR,1986,0.938
South Korea,KOR,1987,0.941
South Korea,KOR,1988,1.065
South Korea,KOR,1989,1.242
South Korea,KOR,1990,1.411
South Korea,KOR,1991,1.266
South Korea,KOR,1992,1.328
South Korea,KOR,1993,1.356
South Korea,KOR,1994,1.298
South Korea,KOR,1995,1.375
South Korea,KOR,1996,1.541
South Korea,KOR,1997,1.633
South Korea,KOR,1998,1.849
South Korea,KOR,1999,1.939
South Korea,KOR,2000,2.016
South Korea,KOR,2001,2.365
South Korea,KOR,2002,2.234
South Korea,KOR,2003,2.351
South Korea,KOR,2004,2.346
South Korea,KOR,2005,2.481
South Korea,KOR,2006,2.737
South Korea,KOR,2007,2.822
South Korea,KOR,2008,2.893
South Korea,KOR,2009,3.22
South Korea,KOR,2010,3.291
South Korea,KOR,2011,3.301
South Korea,KOR,2012,3.321
South Korea,KOR,2013,3.392
South Korea,KOR,2014,3.499
South Korea,KOR,2015,3.604
South Korea,KOR,2016,3.749
South Korea,KOR,2017,3.887
South Korea,KOR,2018,4.141
South Korea,KOR,2019,4.547
South Korea,KOR,2020,4.79
South Korea,KOR,2021,5.175
South Korea,KOR,2022,5.621
South Korea,KOR,2023,5.103
South Korea,KOR,2024,5.06
South Korea,KOR,2025,4.953
Spain,ESP,1880,0
Spain,ESP,1890,0
Spain,ESP,1900,0
Spain,ESP,1910,0
Spain,ESP,1920,0.001
Spain,ESP,1930,0.004
Spain,ESP,1960,0.73322123
Spain,ESP,1961,0.7113437
Spain,ESP,1962,0.8085103
Spain,ESP,1963,0.79720044
Spain,ESP,1964,0.91809106
Spain,ESP,1965,1.0792985
Spain,ESP,1966,1.196657
Spain,ESP,1967,1.5236958
Spain,ESP,1968,1.5842938
Spain,ESP,1969,1.7822055
Spain,ESP,1970,2.008
Spain,ESP,1971,2.272
Spain,ESP,1972,2.533
Spain,ESP,1973,2.812
Spain,ESP,1974,2.893
Spain,ESP,1975,3.215
Spain,ESP,1976,3.411
Spain,ESP,1977,3.704
Spain,ESP,1978,3.9
Spain,ESP,1979,3.879
Spain,ESP,1980,3.964
Spain,ESP,1981,4.008
Spain,ESP,1982,4.113
Spain,ESP,1983,4.54
Spain,ESP,1984,4.221
Spain,ESP,1985,4.052
Spain,ESP,1986,3.973
Spain,ESP,1987,4.021
Spain,ESP,1988,4.451
Spain,ESP,1989,4.476
Spain,ESP,1990,4.771
Spain,ESP,1991,4.838
Spain,ESP,1992,5.127
Spain,ESP,1993,5.303
Spain,ESP,1994,5.196
Spain,ESP,1995,5.067
Spain,ESP,1996,5.093
Spain,ESP,1997,5.012
Spain,ESP,1998,4.96
Spain,ESP,1999,4.96
Spain,ESP,2000,4.854
Spain,ESP,2001,4.808
Spain,ESP,2002,4.83
Spain,ESP,2003,5.375
Spain,ESP,2004,5.452
Spain,ESP,2005,5.536
Spain,ESP,2006,5.638
Spain,ESP,2007,5.715
Spain,ESP,2008,6.127
Spain,ESP,2009,6.814
Spain,ESP,2010,6.761
Spain,ESP,2011,6.706
Spain,ESP,2012,6.572
Spain,ESP,2013,6.407
Spain,ESP,2014,6.346
Spain,ESP,2015,6.453
Spain,ESP,2016,6.355
Spain,ESP,2017,6.268
Spain,ESP,2018,6.276
Spain,ESP,2019,6.399
Spain,ESP,2020,7.782
Spain,ESP,2021,7.511
Spain,ESP,2022,7.049
Spain,ESP,2023,6.751
Spain,ESP,2024,6.68
Spain,ESP,2025,6.544
Sweden,SWE,1880,0.12
Sweden,SWE,1890,0.16
Sweden,SWE,1900,0.19
Sweden,SWE,1910,0.31
Sweden,SWE,1920,0.25
Sweden,SWE,1930,0.89
Sweden,SWE,1960,2.510798
Sweden,SWE,1961,2.568042
Sweden,SWE,1962,2.6319265
Sweden,SWE,1963,2.9759336
Sweden,SWE,1964,3.0830958
Sweden,SWE,1965,3.2679865
Sweden,SWE,1966,3.610337
Sweden,SWE,1967,3.8640754
Sweden,SWE,1968,4.2508926
Sweden,SWE,1969,4.3033605
Sweden,SWE,1970,4.553
Sweden,SWE,1971,4.992
Sweden,SWE,1972,5.081
Sweden,SWE,1973,5.039
Sweden,SWE,1974,5.506
Sweden,SWE,1975,5.777
Sweden,SWE,1976,6.03
Sweden,SWE,1977,6.793
Sweden,SWE,1978,6.851
Sweden,SWE,1979,6.766
Sweden,SWE,1980,7.117
Sweden,SWE,1981,7.153
Sweden,SWE,1982,7.208
Sweden,SWE,1983,7.119
Sweden,SWE,1984,6.952
Sweden,SWE,1985,6.494
Sweden,SWE,1986,6.295
Sweden,SWE,1987,6.369
Sweden,SWE,1988,6.265
Sweden,SWE,1989,6.33
Sweden,SWE,1990,5.7
Sweden,SWE,1991,5.566
Sweden,SWE,1992,6.481
Sweden,SWE,1993,6.703
Sweden,SWE,1994,6.357
Sweden,SWE,1995,6.246
Sweden,SWE,1996,6.451
Sweden,SWE,1997,6.2
Sweden,SWE,1998,6.253
Sweden,SWE,1999,6.285
Sweden,SWE,2000,6.266
Sweden,SWE,2001,6.459
Sweden,SWE,2002,6.737
Sweden,SWE,2003,6.895
Sweden,SWE,2004,6.713
Sweden,SWE,2005,6.697
Sweden,SWE,2006,6.606
Sweden,SWE,2007,6.568
Sweden,SWE,2008,6.774
Sweden,SWE,2009,7.228
Sweden,SWE,2010,6.855
Sweden,SWE,2011,8.876
Sweden,SWE,2012,9.126
Sweden,SWE,2013,9.232
Sweden,SWE,2014,9.302
Sweden,SWE,2015,9.163
Sweden,SWE,2016,9.234
Sweden,SWE,2017,9.271
Sweden,SWE,2018,9.398
Sweden,SWE,2019,9.303
Sweden,SWE,2020,9.848
Sweden,SWE,2021,9.716
Sweden,SWE,2022,9.399
Sweden,SWE,2023,9.695
Sweden,SWE,2024,9.603
Sweden,SWE,2025,9.337
Switzerland,CHE,1880,0
Switzerland,CHE,1890,0
Switzerland,CHE,1900,0
Switzerland,CHE,1920,0.08
Switzerland,CHE,1930,0.26
Switzerland,CHE,1995,4.715
Switzerland,CHE,1996,4.995
Switzerland,CHE,1997,5.071
Switzerland,CHE,1998,5.164
Switzerland,CHE,1999,5.277
Switzerland,CHE,2000,5.25
Switzerland,CHE,2001,5.547
Switzerland,CHE,2002,5.933
Switzerland,CHE,2003,6.171
Switzerland,CHE,2004,6.218
Switzerland,CHE,2005,6.25
Switzerland,CHE,2006,5.894
Switzerland,CHE,2007,5.782
Switzerland,CHE,2008,5.98
Switzerland,CHE,2009,6.389
Switzerland,CHE,2010,6.366
Switzerland,CHE,2011,6.485
Switzerland,CHE,2012,6.77
Switzerland,CHE,2013,6.988
Switzerland,CHE,2014,7.009
Switzerland,CHE,2015,7.296
Switzerland,CHE,2016,7.511
Switzerland,CHE,2017,7.629
Switzerland,CHE,2018,7.347
Switzerland,CHE,2019,7.571
Switzerland,CHE,2020,8.176
Switzerland,CHE,2021,7.953
Switzerland,CHE,2022,7.648
Switzerland,CHE,2023,7.624
Switzerland,CHE,2024,7.777
Switzerland,CHE,2025,8.03
Thailand,THA,2000,1.797
Thailand,THA,2001,1.754
Thailand,THA,2002,2.165
Thailand,THA,2003,2.128
Thailand,THA,2004,2.093
Thailand,THA,2005,2.088
Thailand,THA,2006,2.334
Thailand,THA,2007,2.517
Thailand,THA,2008,2.704
Thailand,THA,2009,2.733
Thailand,THA,2010,2.584
Thailand,THA,2011,2.814
Thailand,THA,2012,2.754
Thailand,THA,2013,2.701
Thailand,THA,2014,2.854
Thailand,THA,2015,2.864
Thailand,THA,2016,2.978
Thailand,THA,2017,2.872
Thailand,THA,2018,2.851
Thailand,THA,2019,2.832
Thailand,THA,2020,3.181
Thailand,THA,2021,3.737
Thailand,THA,2022,3.992
Thailand,THA,2023,3.432
Thailand,THA,2024,3.457
Turkey,TUR,1962,0.51782876
Turkey,TUR,1963,0.5136477
Turkey,TUR,1964,0.55166465
Turkey,TUR,1965,0.56402665
Turkey,TUR,1966,0.61185795
Turkey,TUR,1967,0.62168694
Turkey,TUR,1968,0.66145504
Turkey,TUR,1969,0.7436935
Turkey,TUR,1970,0.6548831
Turkey,TUR,1971,0.5001356
Turkey,TUR,1972,0.34408408
Turkey,TUR,1975,0.8664833
Turkey,TUR,1977,0.48448476
Turkey,TUR,1978,0.40801153
Turkey,TUR,1979,0.506
Turkey,TUR,1980,0.69
Turkey,TUR,1981,0.274
Turkey,TUR,1982,0.413
Turkey,TUR,1983,0.363
Turkey,TUR,1984,0.886
Turkey,TUR,1985,0.719
Turkey,TUR,1986,0.72
Turkey,TUR,1987,0.695
Turkey,TUR,1988,1.016
Turkey,TUR,1989,1.285
Turkey,TUR,1990,1.457
Turkey,TUR,1991,1.74
Turkey,TUR,1992,1.827
Turkey,TUR,1993,1.777
Turkey,TUR,1994,1.794
Turkey,TUR,1995,1.71
Turkey,TUR,1996,1.956
Turkey,TUR,1997,2.171
Turkey,TUR,1998,2.521
Turkey,TUR,1999,2.671
Turkey,TUR,2000,2.832
Turkey,TUR,2001,3.28
Turkey,TUR,2002,3.535
Turkey,TUR,2003,3.561
Turkey,TUR,2004,3.509
Turkey,TUR,2005,3.302
Turkey,TUR,2006,3.527
Turkey,TUR,2007,3.582
Turkey,TUR,2008,3.769
Turkey,TUR,2009,4.392
Turkey,TUR,2010,3.888
Turkey,TUR,2011,3.658
Turkey,TUR,2012,3.5
Turkey,TUR,2013,3.409
Turkey,TUR,2014,3.344
Turkey,TUR,2015,3.212
Turkey,TUR,2016,3.357
Turkey,TUR,2017,3.23
Turkey,TUR,2018,3.151
Turkey,TUR,2019,3.322
Turkey,TUR,2020,3.574
Turkey,TUR,2021,3.508
Turkey,TUR,2022,2.726
Turkey,TUR,2023,3.181
Turkey,TUR,2024,3.656
Turkey,TUR,2025,3.506
Ukraine,UKR,2000,2.508
Ukraine,UKR,2001,2.697
Ukraine,UKR,2002,2.958
Ukraine,UKR,2003,3.515
Ukraine,UKR,2004,3.28
Ukraine,UKR,2005,3.589
Ukraine,UKR,2006,3.735
Ukraine,UKR,2007,3.434
Ukraine,UKR,2008,3.076
Ukraine,UKR,2009,3.714
Ukraine,UKR,2010,3.693
Ukraine,UKR,2011,3.427
Ukraine,UKR,2012,3.743
Ukraine,UKR,2013,3.344
Ukraine,UKR,2014,3.463
Ukraine,UKR,2015,3.755
Ukraine,UKR,2016,3.652
Ukraine,UKR,2017,3.561
Ukraine,UKR,2018,3.529
Ukraine,UKR,2019,3.226
Ukraine,UKR,2020,3.727
Ukraine,UKR,2021,4.276
United Kingdom,GBR,1880,0.13
United Kingdom,GBR,1890,0.16
United Kingdom,GBR,1900,0.29
United Kingdom,GBR,1910,0.32
United Kingdom,GBR,1920,0.56
United Kingdom,GBR,1930,0.64
United Kingdom,GBR,1960,2.9169765
United Kingdom,GBR,1961,2.9713652
United Kingdom,GBR,1962,2.9519587
United Kingdom,GBR,1963,2.9682229
United Kingdom,GBR,1964,2.9650073
United Kingdom,GBR,1965,3.1036625
United Kingdom,GBR,1966,3.2197652
United Kingdom,GBR,1967,3.3869493
United Kingdom,GBR,1968,3.396163
United Kingdom,GBR,1969,3.2992053
United Kingdom,GBR,1970,3.429
United Kingdom,GBR,1971,3.469
United Kingdom,GBR,1972,3.557
United Kingdom,GBR,1973,3.476
United Kingdom,GBR,1974,4.143
United Kingdom,GBR,1975,4.486
United Kingdom,GBR,1976,4.487
United Kingdom,GBR,1977,4.378
United Kingdom,GBR,1978,4.351
United Kingdom,GBR,1979,4.252
United Kingdom,GBR,1980,4.532
United Kingdom,GBR,1981,4.71
United Kingdom,GBR,1982,4.498
United Kingdom,GBR,1983,4.666
United Kingdom,GBR,1984,4.563
United Kingdom,GBR,1985,4.428
United Kingdom,GBR,1986,4.407
United Kingdom,GBR,1987,4.421
United Kingdom,GBR,1988,4.331
United Kingdom,GBR,1989,4.249
United Kingdom,GBR,1990,4.291
United Kingdom,GBR,1991,4.586
United Kingdom,GBR,1992,4.975
United Kingdom,GBR,1993,5.066
United Kingdom,GBR,1994,5.091
United Kingdom,GBR,1995,4.659
United Kingdom,GBR,1996,4.646
United Kingdom,GBR,1997,5.05
United Kingdom,GBR,1998,5.173
United Kingdom,GBR,1999,5.35
United Kingdom,GBR,2000,5.363
United Kingdom,GBR,2001,5.584
United Kingdom,GBR,2002,5.981
United Kingdom,GBR,2003,6.24
United Kingdom,GBR,2004,6.602
United Kingdom,GBR,2005,6.738
United Kingdom,GBR,2006,6.952
United Kingdom,GBR,2007,6.961
United Kingdom,GBR,2008,7.242
United Kingdom,GBR,2009,8.023
United Kingdom,GBR,2010,7.929
United Kingdom,GBR,2011,7.912
United Kingdom,GBR,2012,7.913
United Kingdom,GBR,2013,7.841
United Kingdom,GBR,2014,7.822
United Kingdom,GBR,2015,7.785
United Kingdom,GBR,2016,7.775
United Kingdom,GBR,2017,7.588
United Kingdom,GBR,2018,7.63
United Kingdom,GBR,2019,7.811
United Kingdom,GBR,2020,9.991
United Kingdom,GBR,2021,9.888
United Kingdom,GBR,2022,8.844
United Kingdom,GBR,2023,8.739
United Kingdom,GBR,2024,8.975
United Kingdom,GBR,2025,9.235
United States,USA,1880,0.09
United States,USA,1890,0.14
United States,USA,1900,0.17
United States,USA,1910,0.26
United States,USA,1920,0.4
United States,USA,1930,0.34
United States,USA,1960,1.0984154
United States,USA,1961,1.1650252
United States,USA,1962,1.1832267
United States,USA,1963,1.2263532
United States,USA,1964,1.2247728
United States,USA,1965,1.2415549
United States,USA,1966,1.4939184
United States,USA,1967,1.995259
United States,USA,1968,2.1247892
United States,USA,1969,2.1767628
United States,USA,1970,2.323
United States,USA,1971,2.433
United States,USA,1972,2.491
United States,USA,1973,2.538
United States,USA,1974,2.769
United States,USA,1975,2.988
United States,USA,1976,3.049
United States,USA,1977,3.114
United States,USA,1978,3.14
United States,USA,1979,3.217
United States,USA,1980,3.458
United States,USA,1981,3.579
United States,USA,1982,3.822
United States,USA,1983,3.871
United States,USA,1984,3.786
United States,USA,1985,3.832
United States,USA,1986,3.973
United States,USA,1987,4.101
United States,USA,1988,4.125
United States,USA,1989,4.27
United States,USA,1990,4.541
United States,USA,1991,4.995
United States,USA,1992,5.277
United States,USA,1993,5.525
United States,USA,1994,5.682
United States,USA,1995,5.79
United States,USA,1996,5.773
United States,USA,1997,5.708
United States,USA,1998,5.551
United States,USA,1999,5.494
United States,USA,2000,5.543
United States,USA,2001,5.967
United States,USA,2002,6.325
United States,USA,2003,6.523
United States,USA,2004,6.609
United States,USA,2005,6.629
United States,USA,2006,6.783
United States,USA,2007,6.885
United States,USA,2008,7.195
United States,USA,2009,7.829
United States,USA,2010,7.885
United States,USA,2011,7.872
United States,USA,2012,7.851
United States,USA,2013,7.885
United States,USA,2014,13.352
United States,USA,2015,13.628
United States,USA,2016,13.873
United States,USA,2017,13.816
United States,USA,2018,13.784
United States,USA,2019,13.816
United States,USA,2020,15.797
United States,USA,2021,14.639
United States,USA,2022,14.008
United States,USA,2023,14.054
United States,USA,2024,14.302
United States,USA,2025,14.641
